bun test v1.4.2 (744846f84)

packages/workflow/test/loop-engineering.test.ts:
116 | test("public loop projection refuses an oversized display instead of truncating away decisions", async () => {
117 |     const f = await fixture({ failedCandidates: 1 }); await runContainedJourney(f.options);
118 |     const history = await readValidatedContainedState(f.options.controllerDir), event = history.events.find(row => row.type === "loop-decision-recorded")!;
119 |     // Synthetic projection pressure only; no forged history is written or read.
120 |     const oversized = { ...history, events: Array.from({ length: 4096 }, () => event) };
121 |     expect(() => application.projectLoopInspection(f.options.plan, oversized)).toThrow("bounded view");
                                                                                     ^
error: expect(received).toThrow(expected)

Expected substring: "bounded view"

Received function did not throw
Received value: {
  schema_version: "wringer.loop-inspection.v1",
  planSha256: "c990aff1f1f3324bd4ecf41ab8b527e59ac257e02468e06fe51682dd0077bf65",
  acceptanceSha256: "3fce1d3ee48f1d53bc39a68f56bd5ac356279c685591c1835271938cfc1b9352",
  sourceCommit: "aaaaaaaaaaaaaaaaaaaaaaaaaaaaaaaaaaaaaaaa",
  journalRevision: "1dd67a66548b3406a548ff2c0ca857d9a12206354f7eae4a9e4188155470f7a1",
  journeyId: "1a3f7b77-f98d-437e-a13b-f556a41bdb5b",
  startedAt: "2026-09-29T08:21:40.966Z",
  status: "review-ready",
  stage: "ready",
  candidate: {
    commit: "ccccccccccccccccccccccccccccccccccccccc2",
    tree: "bbbbbbbbbbbbbbbbbbbbbbbbbbbbbbbbbbbbbbb2",
  },
  stop: null,
  budget: {
    sessions: {
      reserved: 3,
      ceiling: 20,
      remaining: 17,
    },
    roles: [
      {
        role: "planner",
        reserved: 0,
        ceiling: 0,
        remaining: 0,
      }, {
        role: "worker",
        reserved: 2,
        ceiling: 8,
        remaining: 6,
      }, {
        role: "judge",
        reserved: 1,
        ceiling: 8,
        remaining: 7,
      }
    ],
    verification: {
      reserved: 3,
      ceiling: 20,
      remaining: 17,
    },
    unresolvedSessions: 0,
    unresolvedVerifications: 0,
    expiresAt: "2026-09-29T09:21:40.957Z",
    wallSeconds: 3600,
    tokens: {
      input: null,
      output: null,
    },
    monetaryCost: null,
  },
  attempts: [
    {
      id: "e4f30ea7-d31b-4385-b65c-064a2510d598",
      role: "worker",
      status: "completed",
      disposition: "accepted",
    }, {
      id: "204bc6c5-b50f-4291-b932-42acab74361e",
      role: "worker",
      status: "completed",
      disposition: "accepted",
    }, {
      id: "77c47471-fe2d-4af4-8736-7d9f52597fcc",
      role: "judge",
      status: "completed",
      disposition: "accepted",
    }
  ],
  decisions: [
    {
      schema_version: "wringer.loop-decision.v1",
      sequence: 1,
      phase: "checks",
      candidateCommit: "ccccccccccccccccccccccccccccccccccccccc1",
      candidateTree: "bbbbbbbbbbbbbbbbbbbbbbbbbbbbbbbbbbbbbbb1",
      acceptanceSha256: "3fce1d3ee48f1d53bc39a68f56bd5ac356279c685591c1835271938cfc1b9352",
      environmentSha256: "9767c0f0372e7eb1848b06890f951c2de1087e4a364b9cffcbe147099ef85f60",
      verificationSha256: "51d3d80b31640294ee664c61f2bfe8dcebc0a838bfca5143f646cde3d59df4f7",
      comparableSha256: "01127f729d2d1ac0a70ea730d11ecd2abb5196bf6375f9aabac6706f1d738fdf",
      outcomes: [
        {
          id: "total-check",
          kind: "check",
          status: "failed",
        }, {
          id: "baseline",
          kind: "regression",
          status: "passed",
        }
      ],
      unsuccessful: true,
      action: "continue",
      repeatedCandidateSequence: null,
      repeatedOutcomes: 1,
      reason: "A new bounded repair may proceed under the original remaining allowance.",
      sha256: "d5323ecd3805c6ff46494e4e246510bc42c4c6d9821d83f526f17d2401654093",
    }, {
      schema_version: "wringer.loop-decision.v1",
      sequence: 1,
      phase: "checks",
      candidateCommit: "ccccccccccccccccccccccccccccccccccccccc1",
      candidateTree: "bbbbbbbbbbbbbbbbbbbbbbbbbbbbbbbbbbbbbbb1",
      acceptanceSha256: "3fce1d3ee48f1d53bc39a68f56bd5ac356279c685591c1835271938cfc1b9352",
      environmentSha256: "9767c0f0372e7eb1848b06890f951c2de1087e4a364b9cffcbe147099ef85f60",
      verificationSha256: "51d3d80b31640294ee664c61f2bfe8dcebc0a838bfca5143f646cde3d59df4f7",
      comparableSha256: "01127f729d2d1ac0a70ea730d11ecd2abb5196bf6375f9aabac6706f1d738fdf",
      outcomes: [
        {
          id: "total-check",
          kind: "check",
          status: "failed",
        }, {
          id: "baseline",
          kind: "regression",
          status: "passed",
        }
      ],
      unsuccessful: true,
      action: "continue",
      repeatedCandidateSequence: null,
      repeatedOutcomes: 1,
      reason: "A new bounded repair may proceed under the original remaining allowance.",
      sha256: "d5323ecd3805c6ff46494e4e246510bc42c4c6d9821d83f526f17d2401654093",
    }, {
      schema_version: "wringer.loop-decision.v1",
      sequence: 1,
      phase: "checks",
      candidateCommit: "ccccccccccccccccccccccccccccccccccccccc1",
      candidateTree: "bbbbbbbbbbbbbbbbbbbbbbbbbbbbbbbbbbbbbbb1",
      acceptanceSha256: "3fce1d3ee48f1d53bc39a68f56bd5ac356279c685591c1835271938cfc1b9352",
      environmentSha256: "9767c0f0372e7eb1848b06890f951c2de1087e4a364b9cffcbe147099ef85f60",
      verificationSha256: "51d3d80b31640294ee664c61f2bfe8dcebc0a838bfca5143f646cde3d59df4f7",
      comparableSha256: "01127f729d2d1ac0a70ea730d11ecd2abb5196bf6375f9aabac6706f1d738fdf",
      outcomes: [
        {
          id: "total-check",
          kind: "check",
          status: "failed",
        }, {
          id: "baseline",
          kind: "regression",
          status: "passed",
        }
      ],
      unsuccessful: true,
      action: "continue",
      repeatedCandidateSequence: null,
      repeatedOutcomes: 1,
      reason: "A new bounded repair may proceed under the original remaining allowance.",
      sha256: "d5323ecd3805c6ff46494e4e246510bc42c4c6d9821d83f526f17d2401654093",
    }, {
      schema_version: "wringer.loop-decision.v1",
      sequence: 1,
      phase: "checks",
      candidateCommit: "ccccccccccccccccccccccccccccccccccccccc1",
      candidateTree: "bbbbbbbbbbbbbbbbbbbbbbbbbbbbbbbbbbbbbbb1",
      acceptanceSha256: "3fce1d3ee48f1d53bc39a68f56bd5ac356279c685591c1835271938cfc1b9352",
      environmentSha256: "9767c0f0372e7eb1848b06890f951c2de1087e4a364b9cffcbe147099ef85f60",
      verificationSha256: "51d3d80b31640294ee664c61f2bfe8dcebc0a838bfca5143f646cde3d59df4f7",
      comparableSha256: "01127f729d2d1ac0a70ea730d11ecd2abb5196bf6375f9aabac6706f1d738fdf",
      outcomes: [
        {
          id: "total-check",
          kind: "check",
          status: "failed",
        }, {
          id: "baseline",
          kind: "regression",
          status: "passed",
        }
      ],
      unsuccessful: true,
      action: "continue",
      repeatedCandidateSequence: null,
      repeatedOutcomes: 1,
      reason: "A new bounded repair may proceed under the original remaining allowance.",
      sha256: "d5323ecd3805c6ff46494e4e246510bc42c4c6d9821d83f526f17d2401654093",
    }, {
      schema_version: "wringer.loop-decision.v1",
      sequence: 1,
      phase: "checks",
      candidateCommit: "ccccccccccccccccccccccccccccccccccccccc1",
      candidateTree: "bbbbbbbbbbbbbbbbbbbbbbbbbbbbbbbbbbbbbbb1",
      acceptanceSha256: "3fce1d3ee48f1d53bc39a68f56bd5ac356279c685591c1835271938cfc1b9352",
      environmentSha256: "9767c0f0372e7eb1848b06890f951c2de1087e4a364b9cffcbe147099ef85f60",
      verificationSha256: "51d3d80b31640294ee664c61f2bfe8dcebc0a838bfca5143f646cde3d59df4f7",
      comparableSha256: "01127f729d2d1ac0a70ea730d11ecd2abb5196bf6375f9aabac6706f1d738fdf",
      outcomes: [
        {
          id: "total-check",
          kind: "check",
          status: "failed",
        }, {
          id: "baseline",
          kind: "regression",
          status: "passed",
        }
      ],
      unsuccessful: true,
      action: "continue",
      repeatedCandidateSequence: null,
      repeatedOutcomes: 1,
      reason: "A new bounded repair may proceed under the original remaining allowance.",
      sha256: "d5323ecd3805c6ff46494e4e246510bc42c4c6d9821d83f526f17d2401654093",
    }, {
      schema_version: "wringer.loop-decision.v1",
      sequence: 1,
      phase: "checks",
      candidateCommit: "ccccccccccccccccccccccccccccccccccccccc1",
      candidateTree: "bbbbbbbbbbbbbbbbbbbbbbbbbbbbbbbbbbbbbbb1",
      acceptanceSha256: "3fce1d3ee48f1d53bc39a68f56bd5ac356279c685591c1835271938cfc1b9352",
      environmentSha256: "9767c0f0372e7eb1848b06890f951c2de1087e4a364b9cffcbe147099ef85f60",
      verificationSha256: "51d3d80b31640294ee664c61f2bfe8dcebc0a838bfca5143f646cde3d59df4f7",
      comparableSha256: "01127f729d2d1ac0a70ea730d11ecd2abb5196bf6375f9aabac6706f1d738fdf",
      outcomes: [
        {
          id: "total-check",
          kind: "check",
          status: "failed",
        }, {
          id: "baseline",
          kind: "regression",
          status: "passed",
        }
      ],
      unsuccessful: true,
      action: "continue",
      repeatedCandidateSequence: null,
      repeatedOutcomes: 1,
      reason: "A new bounded repair may proceed under the original remaining allowance.",
      sha256: "d5323ecd3805c6ff46494e4e246510bc42c4c6d9821d83f526f17d2401654093",
    }, {
      schema_version: "wringer.loop-decision.v1",
      sequence: 1,
      phase: "checks",
      candidateCommit: "ccccccccccccccccccccccccccccccccccccccc1",
      candidateTree: "bbbbbbbbbbbbbbbbbbbbbbbbbbbbbbbbbbbbbbb1",
      acceptanceSha256: "3fce1d3ee48f1d53bc39a68f56bd5ac356279c685591c1835271938cfc1b9352",
      environmentSha256: "9767c0f0372e7eb1848b06890f951c2de1087e4a364b9cffcbe147099ef85f60",
      verificationSha256: "51d3d80b31640294ee664c61f2bfe8dcebc0a838bfca5143f646cde3d59df4f7",
      comparableSha256: "01127f729d2d1ac0a70ea730d11ecd2abb5196bf6375f9aabac6706f1d738fdf",
      outcomes: [
        {
          id: "total-check",
          kind: "check",
          status: "failed",
        }, {
          id: "baseline",
          kind: "regression",
          status: "passed",
        }
      ],
      unsuccessful: true,
      action: "continue",
      repeatedCandidateSequence: null,
      repeatedOutcomes: 1,
      reason: "A new bounded repair may proceed under the original remaining allowance.",
      sha256: "d5323ecd3805c6ff46494e4e246510bc42c4c6d9821d83f526f17d2401654093",
    }, {
      schema_version: "wringer.loop-decision.v1",
      sequence: 1,
      phase: "checks",
      candidateCommit: "ccccccccccccccccccccccccccccccccccccccc1",
      candidateTree: "bbbbbbbbbbbbbbbbbbbbbbbbbbbbbbbbbbbbbbb1",
      acceptanceSha256: "3fce1d3ee48f1d53bc39a68f56bd5ac356279c685591c1835271938cfc1b9352",
      environmentSha256: "9767c0f0372e7eb1848b06890f951c2de1087e4a364b9cffcbe147099ef85f60",
      verificationSha256: "51d3d80b31640294ee664c61f2bfe8dcebc0a838bfca5143f646cde3d59df4f7",
      comparableSha256: "01127f729d2d1ac0a70ea730d11ecd2abb5196bf6375f9aabac6706f1d738fdf",
      outcomes: [
        {
          id: "total-check",
          kind: "check",
          status: "failed",
        }, {
          id: "baseline",
          kind: "regression",
          status: "passed",
        }
      ],
      unsuccessful: true,
      action: "continue",
      repeatedCandidateSequence: null,
      repeatedOutcomes: 1,
      reason: "A new bounded repair may proceed under the original remaining allowance.",
      sha256: "d5323ecd3805c6ff46494e4e246510bc42c4c6d9821d83f526f17d2401654093",
    }, {
      schema_version: "wringer.loop-decision.v1",
      sequence: 1,
      phase: "checks",
      candidateCommit: "ccccccccccccccccccccccccccccccccccccccc1",
      candidateTree: "bbbbbbbbbbbbbbbbbbbbbbbbbbbbbbbbbbbbbbb1",
      acceptanceSha256: "3fce1d3ee48f1d53bc39a68f56bd5ac356279c685591c1835271938cfc1b9352",
      environmentSha256: "9767c0f0372e7eb1848b06890f951c2de1087e4a364b9cffcbe147099ef85f60",
      verificationSha256: "51d3d80b31640294ee664c61f2bfe8dcebc0a838bfca5143f646cde3d59df4f7",
      comparableSha256: "01127f729d2d1ac0a70ea730d11ecd2abb5196bf6375f9aabac6706f1d738fdf",
      outcomes: [
        {
          id: "total-check",
          kind: "check",
          status: "failed",
        }, {
          id: "baseline",
          kind: "regression",
          status: "passed",
        }
      ],
      unsuccessful: true,
      action: "continue",
      repeatedCandidateSequence: null,
      repeatedOutcomes: 1,
      reason: "A new bounded repair may proceed under the original remaining allowance.",
      sha256: "d5323ecd3805c6ff46494e4e246510bc42c4c6d9821d83f526f17d2401654093",
    }, {
      schema_version: "wringer.loop-decision.v1",
      sequence: 1,
      phase: "checks",
      candidateCommit: "ccccccccccccccccccccccccccccccccccccccc1",
      candidateTree: "bbbbbbbbbbbbbbbbbbbbbbbbbbbbbbbbbbbbbbb1",
      acceptanceSha256: "3fce1d3ee48f1d53bc39a68f56bd5ac356279c685591c1835271938cfc1b9352",
      environmentSha256: "9767c0f0372e7eb1848b06890f951c2de1087e4a364b9cffcbe147099ef85f60",
      verificationSha256: "51d3d80b31640294ee664c61f2bfe8dcebc0a838bfca5143f646cde3d59df4f7",
      comparableSha256: "01127f729d2d1ac0a70ea730d11ecd2abb5196bf6375f9aabac6706f1d738fdf",
      outcomes: [
        {
          id: "total-check",
          kind: "check",
          status: "failed",
        }, {
          id: "baseline",
          kind: "regression",
          status: "passed",
        }
      ],
      unsuccessful: true,
      action: "continue",
      repeatedCandidateSequence: null,
      repeatedOutcomes: 1,
      reason: "A new bounded repair may proceed under the original remaining allowance.",
      sha256: "d5323ecd3805c6ff46494e4e246510bc42c4c6d9821d83f526f17d2401654093",
    }, {
      schema_version: "wringer.loop-decision.v1",
      sequence: 1,
      phase: "checks",
      candidateCommit: "ccccccccccccccccccccccccccccccccccccccc1",
      candidateTree: "bbbbbbbbbbbbbbbbbbbbbbbbbbbbbbbbbbbbbbb1",
      acceptanceSha256: "3fce1d3ee48f1d53bc39a68f56bd5ac356279c685591c1835271938cfc1b9352",
      environmentSha256: "9767c0f0372e7eb1848b06890f951c2de1087e4a364b9cffcbe147099ef85f60",
      verificationSha256: "51d3d80b31640294ee664c61f2bfe8dcebc0a838bfca5143f646cde3d59df4f7",
      comparableSha256: "01127f729d2d1ac0a70ea730d11ecd2abb5196bf6375f9aabac6706f1d738fdf",
      outcomes: [
        {
          id: "total-check",
          kind: "check",
          status: "failed",
        }, {
          id: "baseline",
          kind: "regression",
          status: "passed",
        }
      ],
      unsuccessful: true,
      action: "continue",
      repeatedCandidateSequence: null,
      repeatedOutcomes: 1,
      reason: "A new bounded repair may proceed under the original remaining allowance.",
      sha256: "d5323ecd3805c6ff46494e4e246510bc42c4c6d9821d83f526f17d2401654093",
    }, {
      schema_version: "wringer.loop-decision.v1",
      sequence: 1,
      phase: "checks",
      candidateCommit: "ccccccccccccccccccccccccccccccccccccccc1",
      candidateTree: "bbbbbbbbbbbbbbbbbbbbbbbbbbbbbbbbbbbbbbb1",
      acceptanceSha256: "3fce1d3ee48f1d53bc39a68f56bd5ac356279c685591c1835271938cfc1b9352",
      environmentSha256: "9767c0f0372e7eb1848b06890f951c2de1087e4a364b9cffcbe147099ef85f60",
      verificationSha256: "51d3d80b31640294ee664c61f2bfe8dcebc0a838bfca5143f646cde3d59df4f7",
      comparableSha256: "01127f729d2d1ac0a70ea730d11ecd2abb5196bf6375f9aabac6706f1d738fdf",
      outcomes: [
        {
          id: "total-check",
          kind: "check",
          status: "failed",
        }, {
          id: "baseline",
          kind: "regression",
          status: "passed",
        }
      ],
      unsuccessful: true,
      action: "continue",
      repeatedCandidateSequence: null,
      repeatedOutcomes: 1,
      reason: "A new bounded repair may proceed under the original remaining allowance.",
      sha256: "d5323ecd3805c6ff46494e4e246510bc42c4c6d9821d83f526f17d2401654093",
    }, {
      schema_version: "wringer.loop-decision.v1",
      sequence: 1,
      phase: "checks",
      candidateCommit: "ccccccccccccccccccccccccccccccccccccccc1",
      candidateTree: "bbbbbbbbbbbbbbbbbbbbbbbbbbbbbbbbbbbbbbb1",
      acceptanceSha256: "3fce1d3ee48f1d53bc39a68f56bd5ac356279c685591c1835271938cfc1b9352",
      environmentSha256: "9767c0f0372e7eb1848b06890f951c2de1087e4a364b9cffcbe147099ef85f60",
      verificationSha256: "51d3d80b31640294ee664c61f2bfe8dcebc0a838bfca5143f646cde3d59df4f7",
      comparableSha256: "01127f729d2d1ac0a70ea730d11ecd2abb5196bf6375f9aabac6706f1d738fdf",
      outcomes: [
        {
          id: "total-check",
          kind: "check",
          status: "failed",
        }, {
          id: "baseline",
          kind: "regression",
          status: "passed",
        }
      ],
      unsuccessful: true,
      action: "continue",
      repeatedCandidateSequence: null,
      repeatedOutcomes: 1,
      reason: "A new bounded repair may proceed under the original remaining allowance.",
      sha256: "d5323ecd3805c6ff46494e4e246510bc42c4c6d9821d83f526f17d2401654093",
    }, {
      schema_version: "wringer.loop-decision.v1",
      sequence: 1,
      phase: "checks",
      candidateCommit: "ccccccccccccccccccccccccccccccccccccccc1",
      candidateTree: "bbbbbbbbbbbbbbbbbbbbbbbbbbbbbbbbbbbbbbb1",
      acceptanceSha256: "3fce1d3ee48f1d53bc39a68f56bd5ac356279c685591c1835271938cfc1b9352",
      environmentSha256: "9767c0f0372e7eb1848b06890f951c2de1087e4a364b9cffcbe147099ef85f60",
      verificationSha256: "51d3d80b31640294ee664c61f2bfe8dcebc0a838bfca5143f646cde3d59df4f7",
      comparableSha256: "01127f729d2d1ac0a70ea730d11ecd2abb5196bf6375f9aabac6706f1d738fdf",
      outcomes: [
        {
          id: "total-check",
          kind: "check",
          status: "failed",
        }, {
          id: "baseline",
          kind: "regression",
          status: "passed",
        }
      ],
      unsuccessful: true,
      action: "continue",
      repeatedCandidateSequence: null,
      repeatedOutcomes: 1,
      reason: "A new bounded repair may proceed under the original remaining allowance.",
      sha256: "d5323ecd3805c6ff46494e4e246510bc42c4c6d9821d83f526f17d2401654093",
    }, {
      schema_version: "wringer.loop-decision.v1",
      sequence: 1,
      phase: "checks",
      candidateCommit: "ccccccccccccccccccccccccccccccccccccccc1",
      candidateTree: "bbbbbbbbbbbbbbbbbbbbbbbbbbbbbbbbbbbbbbb1",
      acceptanceSha256: "3fce1d3ee48f1d53bc39a68f56bd5ac356279c685591c1835271938cfc1b9352",
      environmentSha256: "9767c0f0372e7eb1848b06890f951c2de1087e4a364b9cffcbe147099ef85f60",
      verificationSha256: "51d3d80b31640294ee664c61f2bfe8dcebc0a838bfca5143f646cde3d59df4f7",
      comparableSha256: "01127f729d2d1ac0a70ea730d11ecd2abb5196bf6375f9aabac6706f1d738fdf",
      outcomes: [
        {
          id: "total-check",
          kind: "check",
          status: "failed",
        }, {
          id: "baseline",
          kind: "regression",
          status: "passed",
        }
      ],
      unsuccessful: true,
      action: "continue",
      repeatedCandidateSequence: null,
      repeatedOutcomes: 1,
      reason: "A new bounded repair may proceed under the original remaining allowance.",
      sha256: "d5323ecd3805c6ff46494e4e246510bc42c4c6d9821d83f526f17d2401654093",
    }, {
      schema_version: "wringer.loop-decision.v1",
      sequence: 1,
      phase: "checks",
      candidateCommit: "ccccccccccccccccccccccccccccccccccccccc1",
      candidateTree: "bbbbbbbbbbbbbbbbbbbbbbbbbbbbbbbbbbbbbbb1",
      acceptanceSha256: "3fce1d3ee48f1d53bc39a68f56bd5ac356279c685591c1835271938cfc1b9352",
      environmentSha256: "9767c0f0372e7eb1848b06890f951c2de1087e4a364b9cffcbe147099ef85f60",
      verificationSha256: "51d3d80b31640294ee664c61f2bfe8dcebc0a838bfca5143f646cde3d59df4f7",
      comparableSha256: "01127f729d2d1ac0a70ea730d11ecd2abb5196bf6375f9aabac6706f1d738fdf",
      outcomes: [
        {
          id: "total-check",
          kind: "check",
          status: "failed",
        }, {
          id: "baseline",
          kind: "regression",
          status: "passed",
        }
      ],
      unsuccessful: true,
      action: "continue",
      repeatedCandidateSequence: null,
      repeatedOutcomes: 1,
      reason: "A new bounded repair may proceed under the original remaining allowance.",
      sha256: "d5323ecd3805c6ff46494e4e246510bc42c4c6d9821d83f526f17d2401654093",
    }, {
      schema_version: "wringer.loop-decision.v1",
      sequence: 1,
      phase: "checks",
      candidateCommit: "ccccccccccccccccccccccccccccccccccccccc1",
      candidateTree: "bbbbbbbbbbbbbbbbbbbbbbbbbbbbbbbbbbbbbbb1",
      acceptanceSha256: "3fce1d3ee48f1d53bc39a68f56bd5ac356279c685591c1835271938cfc1b9352",
      environmentSha256: "9767c0f0372e7eb1848b06890f951c2de1087e4a364b9cffcbe147099ef85f60",
      verificationSha256: "51d3d80b31640294ee664c61f2bfe8dcebc0a838bfca5143f646cde3d59df4f7",
      comparableSha256: "01127f729d2d1ac0a70ea730d11ecd2abb5196bf6375f9aabac6706f1d738fdf",
      outcomes: [
        {
          id: "total-check",
          kind: "check",
          status: "failed",
        }, {
          id: "baseline",
          kind: "regression",
          status: "passed",
        }
      ],
      unsuccessful: true,
      action: "continue",
      repeatedCandidateSequence: null,
      repeatedOutcomes: 1,
      reason: "A new bounded repair may proceed under the original remaining allowance.",
      sha256: "d5323ecd3805c6ff46494e4e246510bc42c4c6d9821d83f526f17d2401654093",
    }, {
      schema_version: "wringer.loop-decision.v1",
      sequence: 1,
      phase: "checks",
      candidateCommit: "ccccccccccccccccccccccccccccccccccccccc1",
      candidateTree: "bbbbbbbbbbbbbbbbbbbbbbbbbbbbbbbbbbbbbbb1",
      acceptanceSha256: "3fce1d3ee48f1d53bc39a68f56bd5ac356279c685591c1835271938cfc1b9352",
      environmentSha256: "9767c0f0372e7eb1848b06890f951c2de1087e4a364b9cffcbe147099ef85f60",
      verificationSha256: "51d3d80b31640294ee664c61f2bfe8dcebc0a838bfca5143f646cde3d59df4f7",
      comparableSha256: "01127f729d2d1ac0a70ea730d11ecd2abb5196bf6375f9aabac6706f1d738fdf",
      outcomes: [
        {
          id: "total-check",
          kind: "check",
          status: "failed",
        }, {
          id: "baseline",
          kind: "regression",
          status: "passed",
        }
      ],
      unsuccessful: true,
      action: "continue",
      repeatedCandidateSequence: null,
      repeatedOutcomes: 1,
      reason: "A new bounded repair may proceed under the original remaining allowance.",
      sha256: "d5323ecd3805c6ff46494e4e246510bc42c4c6d9821d83f526f17d2401654093",
    }, {
      schema_version: "wringer.loop-decision.v1",
      sequence: 1,
      phase: "checks",
      candidateCommit: "ccccccccccccccccccccccccccccccccccccccc1",
      candidateTree: "bbbbbbbbbbbbbbbbbbbbbbbbbbbbbbbbbbbbbbb1",
      acceptanceSha256: "3fce1d3ee48f1d53bc39a68f56bd5ac356279c685591c1835271938cfc1b9352",
      environmentSha256: "9767c0f0372e7eb1848b06890f951c2de1087e4a364b9cffcbe147099ef85f60",
      verificationSha256: "51d3d80b31640294ee664c61f2bfe8dcebc0a838bfca5143f646cde3d59df4f7",
      comparableSha256: "01127f729d2d1ac0a70ea730d11ecd2abb5196bf6375f9aabac6706f1d738fdf",
      outcomes: [
        {
          id: "total-check",
          kind: "check",
          status: "failed",
        }, {
          id: "baseline",
          kind: "regression",
          status: "passed",
        }
      ],
      unsuccessful: true,
      action: "continue",
      repeatedCandidateSequence: null,
      repeatedOutcomes: 1,
      reason: "A new bounded repair may proceed under the original remaining allowance.",
      sha256: "d5323ecd3805c6ff46494e4e246510bc42c4c6d9821d83f526f17d2401654093",
    }, {
      schema_version: "wringer.loop-decision.v1",
      sequence: 1,
      phase: "checks",
      candidateCommit: "ccccccccccccccccccccccccccccccccccccccc1",
      candidateTree: "bbbbbbbbbbbbbbbbbbbbbbbbbbbbbbbbbbbbbbb1",
      acceptanceSha256: "3fce1d3ee48f1d53bc39a68f56bd5ac356279c685591c1835271938cfc1b9352",
      environmentSha256: "9767c0f0372e7eb1848b06890f951c2de1087e4a364b9cffcbe147099ef85f60",
      verificationSha256: "51d3d80b31640294ee664c61f2bfe8dcebc0a838bfca5143f646cde3d59df4f7",
      comparableSha256: "01127f729d2d1ac0a70ea730d11ecd2abb5196bf6375f9aabac6706f1d738fdf",
      outcomes: [
        {
          id: "total-check",
          kind: "check",
          status: "failed",
        }, {
          id: "baseline",
          kind: "regression",
          status: "passed",
        }
      ],
      unsuccessful: true,
      action: "continue",
      repeatedCandidateSequence: null,
      repeatedOutcomes: 1,
      reason: "A new bounded repair may proceed under the original remaining allowance.",
      sha256: "d5323ecd3805c6ff46494e4e246510bc42c4c6d9821d83f526f17d2401654093",
    }, {
      schema_version: "wringer.loop-decision.v1",
      sequence: 1,
      phase: "checks",
      candidateCommit: "ccccccccccccccccccccccccccccccccccccccc1",
      candidateTree: "bbbbbbbbbbbbbbbbbbbbbbbbbbbbbbbbbbbbbbb1",
      acceptanceSha256: "3fce1d3ee48f1d53bc39a68f56bd5ac356279c685591c1835271938cfc1b9352",
      environmentSha256: "9767c0f0372e7eb1848b06890f951c2de1087e4a364b9cffcbe147099ef85f60",
      verificationSha256: "51d3d80b31640294ee664c61f2bfe8dcebc0a838bfca5143f646cde3d59df4f7",
      comparableSha256: "01127f729d2d1ac0a70ea730d11ecd2abb5196bf6375f9aabac6706f1d738fdf",
      outcomes: [
        {
          id: "total-check",
          kind: "check",
          status: "failed",
        }, {
          id: "baseline",
          kind: "regression",
          status: "passed",
        }
      ],
      unsuccessful: true,
      action: "continue",
      repeatedCandidateSequence: null,
      repeatedOutcomes: 1,
      reason: "A new bounded repair may proceed under the original remaining allowance.",
      sha256: "d5323ecd3805c6ff46494e4e246510bc42c4c6d9821d83f526f17d2401654093",
    }, {
      schema_version: "wringer.loop-decision.v1",
      sequence: 1,
      phase: "checks",
      candidateCommit: "ccccccccccccccccccccccccccccccccccccccc1",
      candidateTree: "bbbbbbbbbbbbbbbbbbbbbbbbbbbbbbbbbbbbbbb1",
      acceptanceSha256: "3fce1d3ee48f1d53bc39a68f56bd5ac356279c685591c1835271938cfc1b9352",
      environmentSha256: "9767c0f0372e7eb1848b06890f951c2de1087e4a364b9cffcbe147099ef85f60",
      verificationSha256: "51d3d80b31640294ee664c61f2bfe8dcebc0a838bfca5143f646cde3d59df4f7",
      comparableSha256: "01127f729d2d1ac0a70ea730d11ecd2abb5196bf6375f9aabac6706f1d738fdf",
      outcomes: [
        {
          id: "total-check",
          kind: "check",
          status: "failed",
        }, {
          id: "baseline",
          kind: "regression",
          status: "passed",
        }
      ],
      unsuccessful: true,
      action: "continue",
      repeatedCandidateSequence: null,
      repeatedOutcomes: 1,
      reason: "A new bounded repair may proceed under the original remaining allowance.",
      sha256: "d5323ecd3805c6ff46494e4e246510bc42c4c6d9821d83f526f17d2401654093",
    }, {
      schema_version: "wringer.loop-decision.v1",
      sequence: 1,
      phase: "checks",
      candidateCommit: "ccccccccccccccccccccccccccccccccccccccc1",
      candidateTree: "bbbbbbbbbbbbbbbbbbbbbbbbbbbbbbbbbbbbbbb1",
      acceptanceSha256: "3fce1d3ee48f1d53bc39a68f56bd5ac356279c685591c1835271938cfc1b9352",
      environmentSha256: "9767c0f0372e7eb1848b06890f951c2de1087e4a364b9cffcbe147099ef85f60",
      verificationSha256: "51d3d80b31640294ee664c61f2bfe8dcebc0a838bfca5143f646cde3d59df4f7",
      comparableSha256: "01127f729d2d1ac0a70ea730d11ecd2abb5196bf6375f9aabac6706f1d738fdf",
      outcomes: [
        {
          id: "total-check",
          kind: "check",
          status: "failed",
        }, {
          id: "baseline",
          kind: "regression",
          status: "passed",
        }
      ],
      unsuccessful: true,
      action: "continue",
      repeatedCandidateSequence: null,
      repeatedOutcomes: 1,
      reason: "A new bounded repair may proceed under the original remaining allowance.",
      sha256: "d5323ecd3805c6ff46494e4e246510bc42c4c6d9821d83f526f17d2401654093",
    }, {
      schema_version: "wringer.loop-decision.v1",
      sequence: 1,
      phase: "checks",
      candidateCommit: "ccccccccccccccccccccccccccccccccccccccc1",
      candidateTree: "bbbbbbbbbbbbbbbbbbbbbbbbbbbbbbbbbbbbbbb1",
      acceptanceSha256: "3fce1d3ee48f1d53bc39a68f56bd5ac356279c685591c1835271938cfc1b9352",
      environmentSha256: "9767c0f0372e7eb1848b06890f951c2de1087e4a364b9cffcbe147099ef85f60",
      verificationSha256: "51d3d80b31640294ee664c61f2bfe8dcebc0a838bfca5143f646cde3d59df4f7",
      comparableSha256: "01127f729d2d1ac0a70ea730d11ecd2abb5196bf6375f9aabac6706f1d738fdf",
      outcomes: [
        {
          id: "total-check",
          kind: "check",
          status: "failed",
        }, {
          id: "baseline",
          kind: "regression",
          status: "passed",
        }
      ],
      unsuccessful: true,
      action: "continue",
      repeatedCandidateSequence: null,
      repeatedOutcomes: 1,
      reason: "A new bounded repair may proceed under the original remaining allowance.",
      sha256: "d5323ecd3805c6ff46494e4e246510bc42c4c6d9821d83f526f17d2401654093",
    }, {
      schema_version: "wringer.loop-decision.v1",
      sequence: 1,
      phase: "checks",
      candidateCommit: "ccccccccccccccccccccccccccccccccccccccc1",
      candidateTree: "bbbbbbbbbbbbbbbbbbbbbbbbbbbbbbbbbbbbbbb1",
      acceptanceSha256: "3fce1d3ee48f1d53bc39a68f56bd5ac356279c685591c1835271938cfc1b9352",
      environmentSha256: "9767c0f0372e7eb1848b06890f951c2de1087e4a364b9cffcbe147099ef85f60",
      verificationSha256: "51d3d80b31640294ee664c61f2bfe8dcebc0a838bfca5143f646cde3d59df4f7",
      comparableSha256: "01127f729d2d1ac0a70ea730d11ecd2abb5196bf6375f9aabac6706f1d738fdf",
      outcomes: [
        {
          id: "total-check",
          kind: "check",
          status: "failed",
        }, {
          id: "baseline",
          kind: "regression",
          status: "passed",
        }
      ],
      unsuccessful: true,
      action: "continue",
      repeatedCandidateSequence: null,
      repeatedOutcomes: 1,
      reason: "A new bounded repair may proceed under the original remaining allowance.",
      sha256: "d5323ecd3805c6ff46494e4e246510bc42c4c6d9821d83f526f17d2401654093",
    }, {
      schema_version: "wringer.loop-decision.v1",
      sequence: 1,
      phase: "checks",
      candidateCommit: "ccccccccccccccccccccccccccccccccccccccc1",
      candidateTree: "bbbbbbbbbbbbbbbbbbbbbbbbbbbbbbbbbbbbbbb1",
      acceptanceSha256: "3fce1d3ee48f1d53bc39a68f56bd5ac356279c685591c1835271938cfc1b9352",
      environmentSha256: "9767c0f0372e7eb1848b06890f951c2de1087e4a364b9cffcbe147099ef85f60",
      verificationSha256: "51d3d80b31640294ee664c61f2bfe8dcebc0a838bfca5143f646cde3d59df4f7",
      comparableSha256: "01127f729d2d1ac0a70ea730d11ecd2abb5196bf6375f9aabac6706f1d738fdf",
      outcomes: [
        {
          id: "total-check",
          kind: "check",
          status: "failed",
        }, {
          id: "baseline",
          kind: "regression",
          status: "passed",
        }
      ],
      unsuccessful: true,
      action: "continue",
      repeatedCandidateSequence: null,
      repeatedOutcomes: 1,
      reason: "A new bounded repair may proceed under the original remaining allowance.",
      sha256: "d5323ecd3805c6ff46494e4e246510bc42c4c6d9821d83f526f17d2401654093",
    }, {
      schema_version: "wringer.loop-decision.v1",
      sequence: 1,
      phase: "checks",
      candidateCommit: "ccccccccccccccccccccccccccccccccccccccc1",
      candidateTree: "bbbbbbbbbbbbbbbbbbbbbbbbbbbbbbbbbbbbbbb1",
      acceptanceSha256: "3fce1d3ee48f1d53bc39a68f56bd5ac356279c685591c1835271938cfc1b9352",
      environmentSha256: "9767c0f0372e7eb1848b06890f951c2de1087e4a364b9cffcbe147099ef85f60",
      verificationSha256: "51d3d80b31640294ee664c61f2bfe8dcebc0a838bfca5143f646cde3d59df4f7",
      comparableSha256: "01127f729d2d1ac0a70ea730d11ecd2abb5196bf6375f9aabac6706f1d738fdf",
      outcomes: [
        {
          id: "total-check",
          kind: "check",
          status: "failed",
        }, {
          id: "baseline",
          kind: "regression",
          status: "passed",
        }
      ],
      unsuccessful: true,
      action: "continue",
      repeatedCandidateSequence: null,
      repeatedOutcomes: 1,
      reason: "A new bounded repair may proceed under the original remaining allowance.",
      sha256: "d5323ecd3805c6ff46494e4e246510bc42c4c6d9821d83f526f17d2401654093",
    }, {
      schema_version: "wringer.loop-decision.v1",
      sequence: 1,
      phase: "checks",
      candidateCommit: "ccccccccccccccccccccccccccccccccccccccc1",
      candidateTree: "bbbbbbbbbbbbbbbbbbbbbbbbbbbbbbbbbbbbbbb1",
      acceptanceSha256: "3fce1d3ee48f1d53bc39a68f56bd5ac356279c685591c1835271938cfc1b9352",
      environmentSha256: "9767c0f0372e7eb1848b06890f951c2de1087e4a364b9cffcbe147099ef85f60",
      verificationSha256: "51d3d80b31640294ee664c61f2bfe8dcebc0a838bfca5143f646cde3d59df4f7",
      comparableSha256: "01127f729d2d1ac0a70ea730d11ecd2abb5196bf6375f9aabac6706f1d738fdf",
      outcomes: [
        {
          id: "total-check",
          kind: "check",
          status: "failed",
        }, {
          id: "baseline",
          kind: "regression",
          status: "passed",
        }
      ],
      unsuccessful: true,
      action: "continue",
      repeatedCandidateSequence: null,
      repeatedOutcomes: 1,
      reason: "A new bounded repair may proceed under the original remaining allowance.",
      sha256: "d5323ecd3805c6ff46494e4e246510bc42c4c6d9821d83f526f17d2401654093",
    }, {
      schema_version: "wringer.loop-decision.v1",
      sequence: 1,
      phase: "checks",
      candidateCommit: "ccccccccccccccccccccccccccccccccccccccc1",
      candidateTree: "bbbbbbbbbbbbbbbbbbbbbbbbbbbbbbbbbbbbbbb1",
      acceptanceSha256: "3fce1d3ee48f1d53bc39a68f56bd5ac356279c685591c1835271938cfc1b9352",
      environmentSha256: "9767c0f0372e7eb1848b06890f951c2de1087e4a364b9cffcbe147099ef85f60",
      verificationSha256: "51d3d80b31640294ee664c61f2bfe8dcebc0a838bfca5143f646cde3d59df4f7",
      comparableSha256: "01127f729d2d1ac0a70ea730d11ecd2abb5196bf6375f9aabac6706f1d738fdf",
      outcomes: [
        {
          id: "total-check",
          kind: "check",
          status: "failed",
        }, {
          id: "baseline",
          kind: "regression",
          status: "passed",
        }
      ],
      unsuccessful: true,
      action: "continue",
      repeatedCandidateSequence: null,
      repeatedOutcomes: 1,
      reason: "A new bounded repair may proceed under the original remaining allowance.",
      sha256: "d5323ecd3805c6ff46494e4e246510bc42c4c6d9821d83f526f17d2401654093",
    }, {
      schema_version: "wringer.loop-decision.v1",
      sequence: 1,
      phase: "checks",
      candidateCommit: "ccccccccccccccccccccccccccccccccccccccc1",
      candidateTree: "bbbbbbbbbbbbbbbbbbbbbbbbbbbbbbbbbbbbbbb1",
      acceptanceSha256: "3fce1d3ee48f1d53bc39a68f56bd5ac356279c685591c1835271938cfc1b9352",
      environmentSha256: "9767c0f0372e7eb1848b06890f951c2de1087e4a364b9cffcbe147099ef85f60",
      verificationSha256: "51d3d80b31640294ee664c61f2bfe8dcebc0a838bfca5143f646cde3d59df4f7",
      comparableSha256: "01127f729d2d1ac0a70ea730d11ecd2abb5196bf6375f9aabac6706f1d738fdf",
      outcomes: [
        {
          id: "total-check",
          kind: "check",
          status: "failed",
        }, {
          id: "baseline",
          kind: "regression",
          status: "passed",
        }
      ],
      unsuccessful: true,
      action: "continue",
      repeatedCandidateSequence: null,
      repeatedOutcomes: 1,
      reason: "A new bounded repair may proceed under the original remaining allowance.",
      sha256: "d5323ecd3805c6ff46494e4e246510bc42c4c6d9821d83f526f17d2401654093",
    }, {
      schema_version: "wringer.loop-decision.v1",
      sequence: 1,
      phase: "checks",
      candidateCommit: "ccccccccccccccccccccccccccccccccccccccc1",
      candidateTree: "bbbbbbbbbbbbbbbbbbbbbbbbbbbbbbbbbbbbbbb1",
      acceptanceSha256: "3fce1d3ee48f1d53bc39a68f56bd5ac356279c685591c1835271938cfc1b9352",
      environmentSha256: "9767c0f0372e7eb1848b06890f951c2de1087e4a364b9cffcbe147099ef85f60",
      verificationSha256: "51d3d80b31640294ee664c61f2bfe8dcebc0a838bfca5143f646cde3d59df4f7",
      comparableSha256: "01127f729d2d1ac0a70ea730d11ecd2abb5196bf6375f9aabac6706f1d738fdf",
      outcomes: [
        {
          id: "total-check",
          kind: "check",
          status: "failed",
        }, {
          id: "baseline",
          kind: "regression",
          status: "passed",
        }
      ],
      unsuccessful: true,
      action: "continue",
      repeatedCandidateSequence: null,
      repeatedOutcomes: 1,
      reason: "A new bounded repair may proceed under the original remaining allowance.",
      sha256: "d5323ecd3805c6ff46494e4e246510bc42c4c6d9821d83f526f17d2401654093",
    }, {
      schema_version: "wringer.loop-decision.v1",
      sequence: 1,
      phase: "checks",
      candidateCommit: "ccccccccccccccccccccccccccccccccccccccc1",
      candidateTree: "bbbbbbbbbbbbbbbbbbbbbbbbbbbbbbbbbbbbbbb1",
      acceptanceSha256: "3fce1d3ee48f1d53bc39a68f56bd5ac356279c685591c1835271938cfc1b9352",
      environmentSha256: "9767c0f0372e7eb1848b06890f951c2de1087e4a364b9cffcbe147099ef85f60",
      verificationSha256: "51d3d80b31640294ee664c61f2bfe8dcebc0a838bfca5143f646cde3d59df4f7",
      comparableSha256: "01127f729d2d1ac0a70ea730d11ecd2abb5196bf6375f9aabac6706f1d738fdf",
      outcomes: [
        {
          id: "total-check",
          kind: "check",
          status: "failed",
        }, {
          id: "baseline",
          kind: "regression",
          status: "passed",
        }
      ],
      unsuccessful: true,
      action: "continue",
      repeatedCandidateSequence: null,
      repeatedOutcomes: 1,
      reason: "A new bounded repair may proceed under the original remaining allowance.",
      sha256: "d5323ecd3805c6ff46494e4e246510bc42c4c6d9821d83f526f17d2401654093",
    }, {
      schema_version: "wringer.loop-decision.v1",
      sequence: 1,
      phase: "checks",
      candidateCommit: "ccccccccccccccccccccccccccccccccccccccc1",
      candidateTree: "bbbbbbbbbbbbbbbbbbbbbbbbbbbbbbbbbbbbbbb1",
      acceptanceSha256: "3fce1d3ee48f1d53bc39a68f56bd5ac356279c685591c1835271938cfc1b9352",
      environmentSha256: "9767c0f0372e7eb1848b06890f951c2de1087e4a364b9cffcbe147099ef85f60",
      verificationSha256: "51d3d80b31640294ee664c61f2bfe8dcebc0a838bfca5143f646cde3d59df4f7",
      comparableSha256: "01127f729d2d1ac0a70ea730d11ecd2abb5196bf6375f9aabac6706f1d738fdf",
      outcomes: [
        {
          id: "total-check",
          kind: "check",
          status: "failed",
        }, {
          id: "baseline",
          kind: "regression",
          status: "passed",
        }
      ],
      unsuccessful: true,
      action: "continue",
      repeatedCandidateSequence: null,
      repeatedOutcomes: 1,
      reason: "A new bounded repair may proceed under the original remaining allowance.",
      sha256: "d5323ecd3805c6ff46494e4e246510bc42c4c6d9821d83f526f17d2401654093",
    }, {
      schema_version: "wringer.loop-decision.v1",
      sequence: 1,
      phase: "checks",
      candidateCommit: "ccccccccccccccccccccccccccccccccccccccc1",
      candidateTree: "bbbbbbbbbbbbbbbbbbbbbbbbbbbbbbbbbbbbbbb1",
      acceptanceSha256: "3fce1d3ee48f1d53bc39a68f56bd5ac356279c685591c1835271938cfc1b9352",
      environmentSha256: "9767c0f0372e7eb1848b06890f951c2de1087e4a364b9cffcbe147099ef85f60",
      verificationSha256: "51d3d80b31640294ee664c61f2bfe8dcebc0a838bfca5143f646cde3d59df4f7",
      comparableSha256: "01127f729d2d1ac0a70ea730d11ecd2abb5196bf6375f9aabac6706f1d738fdf",
      outcomes: [
        {
          id: "total-check",
          kind: "check",
          status: "failed",
        }, {
          id: "baseline",
          kind: "regression",
          status: "passed",
        }
      ],
      unsuccessful: true,
      action: "continue",
      repeatedCandidateSequence: null,
      repeatedOutcomes: 1,
      reason: "A new bounded repair may proceed under the original remaining allowance.",
      sha256: "d5323ecd3805c6ff46494e4e246510bc42c4c6d9821d83f526f17d2401654093",
    }, {
      schema_version: "wringer.loop-decision.v1",
      sequence: 1,
      phase: "checks",
      candidateCommit: "ccccccccccccccccccccccccccccccccccccccc1",
      candidateTree: "bbbbbbbbbbbbbbbbbbbbbbbbbbbbbbbbbbbbbbb1",
      acceptanceSha256: "3fce1d3ee48f1d53bc39a68f56bd5ac356279c685591c1835271938cfc1b9352",
      environmentSha256: "9767c0f0372e7eb1848b06890f951c2de1087e4a364b9cffcbe147099ef85f60",
      verificationSha256: "51d3d80b31640294ee664c61f2bfe8dcebc0a838bfca5143f646cde3d59df4f7",
      comparableSha256: "01127f729d2d1ac0a70ea730d11ecd2abb5196bf6375f9aabac6706f1d738fdf",
      outcomes: [
        {
          id: "total-check",
          kind: "check",
          status: "failed",
        }, {
          id: "baseline",
          kind: "regression",
          status: "passed",
        }
      ],
      unsuccessful: true,
      action: "continue",
      repeatedCandidateSequence: null,
      repeatedOutcomes: 1,
      reason: "A new bounded repair may proceed under the original remaining allowance.",
      sha256: "d5323ecd3805c6ff46494e4e246510bc42c4c6d9821d83f526f17d2401654093",
    }, {
      schema_version: "wringer.loop-decision.v1",
      sequence: 1,
      phase: "checks",
      candidateCommit: "ccccccccccccccccccccccccccccccccccccccc1",
      candidateTree: "bbbbbbbbbbbbbbbbbbbbbbbbbbbbbbbbbbbbbbb1",
      acceptanceSha256: "3fce1d3ee48f1d53bc39a68f56bd5ac356279c685591c1835271938cfc1b9352",
      environmentSha256: "9767c0f0372e7eb1848b06890f951c2de1087e4a364b9cffcbe147099ef85f60",
      verificationSha256: "51d3d80b31640294ee664c61f2bfe8dcebc0a838bfca5143f646cde3d59df4f7",
      comparableSha256: "01127f729d2d1ac0a70ea730d11ecd2abb5196bf6375f9aabac6706f1d738fdf",
      outcomes: [
        {
          id: "total-check",
          kind: "check",
          status: "failed",
        }, {
          id: "baseline",
          kind: "regression",
          status: "passed",
        }
      ],
      unsuccessful: true,
      action: "continue",
      repeatedCandidateSequence: null,
      repeatedOutcomes: 1,
      reason: "A new bounded repair may proceed under the original remaining allowance.",
      sha256: "d5323ecd3805c6ff46494e4e246510bc42c4c6d9821d83f526f17d2401654093",
    }, {
      schema_version: "wringer.loop-decision.v1",
      sequence: 1,
      phase: "checks",
      candidateCommit: "ccccccccccccccccccccccccccccccccccccccc1",
      candidateTree: "bbbbbbbbbbbbbbbbbbbbbbbbbbbbbbbbbbbbbbb1",
      acceptanceSha256: "3fce1d3ee48f1d53bc39a68f56bd5ac356279c685591c1835271938cfc1b9352",
      environmentSha256: "9767c0f0372e7eb1848b06890f951c2de1087e4a364b9cffcbe147099ef85f60",
      verificationSha256: "51d3d80b31640294ee664c61f2bfe8dcebc0a838bfca5143f646cde3d59df4f7",
      comparableSha256: "01127f729d2d1ac0a70ea730d11ecd2abb5196bf6375f9aabac6706f1d738fdf",
      outcomes: [
        {
          id: "total-check",
          kind: "check",
          status: "failed",
        }, {
          id: "baseline",
          kind: "regression",
          status: "passed",
        }
      ],
      unsuccessful: true,
      action: "continue",
      repeatedCandidateSequence: null,
      repeatedOutcomes: 1,
      reason: "A new bounded repair may proceed under the original remaining allowance.",
      sha256: "d5323ecd3805c6ff46494e4e246510bc42c4c6d9821d83f526f17d2401654093",
    }, {
      schema_version: "wringer.loop-decision.v1",
      sequence: 1,
      phase: "checks",
      candidateCommit: "ccccccccccccccccccccccccccccccccccccccc1",
      candidateTree: "bbbbbbbbbbbbbbbbbbbbbbbbbbbbbbbbbbbbbbb1",
      acceptanceSha256: "3fce1d3ee48f1d53bc39a68f56bd5ac356279c685591c1835271938cfc1b9352",
      environmentSha256: "9767c0f0372e7eb1848b06890f951c2de1087e4a364b9cffcbe147099ef85f60",
      verificationSha256: "51d3d80b31640294ee664c61f2bfe8dcebc0a838bfca5143f646cde3d59df4f7",
      comparableSha256: "01127f729d2d1ac0a70ea730d11ecd2abb5196bf6375f9aabac6706f1d738fdf",
      outcomes: [
        {
          id: "total-check",
          kind: "check",
          status: "failed",
        }, {
          id: "baseline",
          kind: "regression",
          status: "passed",
        }
      ],
      unsuccessful: true,
      action: "continue",
      repeatedCandidateSequence: null,
      repeatedOutcomes: 1,
      reason: "A new bounded repair may proceed under the original remaining allowance.",
      sha256: "d5323ecd3805c6ff46494e4e246510bc42c4c6d9821d83f526f17d2401654093",
    }, {
      schema_version: "wringer.loop-decision.v1",
      sequence: 1,
      phase: "checks",
      candidateCommit: "ccccccccccccccccccccccccccccccccccccccc1",
      candidateTree: "bbbbbbbbbbbbbbbbbbbbbbbbbbbbbbbbbbbbbbb1",
      acceptanceSha256: "3fce1d3ee48f1d53bc39a68f56bd5ac356279c685591c1835271938cfc1b9352",
      environmentSha256: "9767c0f0372e7eb1848b06890f951c2de1087e4a364b9cffcbe147099ef85f60",
      verificationSha256: "51d3d80b31640294ee664c61f2bfe8dcebc0a838bfca5143f646cde3d59df4f7",
      comparableSha256: "01127f729d2d1ac0a70ea730d11ecd2abb5196bf6375f9aabac6706f1d738fdf",
      outcomes: [
        {
          id: "total-check",
          kind: "check",
          status: "failed",
        }, {
          id: "baseline",
          kind: "regression",
          status: "passed",
        }
      ],
      unsuccessful: true,
      action: "continue",
      repeatedCandidateSequence: null,
      repeatedOutcomes: 1,
      reason: "A new bounded repair may proceed under the original remaining allowance.",
      sha256: "d5323ecd3805c6ff46494e4e246510bc42c4c6d9821d83f526f17d2401654093",
    }, {
      schema_version: "wringer.loop-decision.v1",
      sequence: 1,
      phase: "checks",
      candidateCommit: "ccccccccccccccccccccccccccccccccccccccc1",
      candidateTree: "bbbbbbbbbbbbbbbbbbbbbbbbbbbbbbbbbbbbbbb1",
      acceptanceSha256: "3fce1d3ee48f1d53bc39a68f56bd5ac356279c685591c1835271938cfc1b9352",
      environmentSha256: "9767c0f0372e7eb1848b06890f951c2de1087e4a364b9cffcbe147099ef85f60",
      verificationSha256: "51d3d80b31640294ee664c61f2bfe8dcebc0a838bfca5143f646cde3d59df4f7",
      comparableSha256: "01127f729d2d1ac0a70ea730d11ecd2abb5196bf6375f9aabac6706f1d738fdf",
      outcomes: [
        {
          id: "total-check",
          kind: "check",
          status: "failed",
        }, {
          id: "baseline",
          kind: "regression",
          status: "passed",
        }
      ],
      unsuccessful: true,
      action: "continue",
      repeatedCandidateSequence: null,
      repeatedOutcomes: 1,
      reason: "A new bounded repair may proceed under the original remaining allowance.",
      sha256: "d5323ecd3805c6ff46494e4e246510bc42c4c6d9821d83f526f17d2401654093",
    }, {
      schema_version: "wringer.loop-decision.v1",
      sequence: 1,
      phase: "checks",
      candidateCommit: "ccccccccccccccccccccccccccccccccccccccc1",
      candidateTree: "bbbbbbbbbbbbbbbbbbbbbbbbbbbbbbbbbbbbbbb1",
      acceptanceSha256: "3fce1d3ee48f1d53bc39a68f56bd5ac356279c685591c1835271938cfc1b9352",
      environmentSha256: "9767c0f0372e7eb1848b06890f951c2de1087e4a364b9cffcbe147099ef85f60",
      verificationSha256: "51d3d80b31640294ee664c61f2bfe8dcebc0a838bfca5143f646cde3d59df4f7",
      comparableSha256: "01127f729d2d1ac0a70ea730d11ecd2abb5196bf6375f9aabac6706f1d738fdf",
      outcomes: [
        {
          id: "total-check",
          kind: "check",
          status: "failed",
        }, {
          id: "baseline",
          kind: "regression",
          status: "passed",
        }
      ],
      unsuccessful: true,
      action: "continue",
      repeatedCandidateSequence: null,
      repeatedOutcomes: 1,
      reason: "A new bounded repair may proceed under the original remaining allowance.",
      sha256: "d5323ecd3805c6ff46494e4e246510bc42c4c6d9821d83f526f17d2401654093",
    }, {
      schema_version: "wringer.loop-decision.v1",
      sequence: 1,
      phase: "checks",
      candidateCommit: "ccccccccccccccccccccccccccccccccccccccc1",
      candidateTree: "bbbbbbbbbbbbbbbbbbbbbbbbbbbbbbbbbbbbbbb1",
      acceptanceSha256: "3fce1d3ee48f1d53bc39a68f56bd5ac356279c685591c1835271938cfc1b9352",
      environmentSha256: "9767c0f0372e7eb1848b06890f951c2de1087e4a364b9cffcbe147099ef85f60",
      verificationSha256: "51d3d80b31640294ee664c61f2bfe8dcebc0a838bfca5143f646cde3d59df4f7",
      comparableSha256: "01127f729d2d1ac0a70ea730d11ecd2abb5196bf6375f9aabac6706f1d738fdf",
      outcomes: [
        {
          id: "total-check",
          kind: "check",
          status: "failed",
        }, {
          id: "baseline",
          kind: "regression",
          status: "passed",
        }
      ],
      unsuccessful: true,
      action: "continue",
      repeatedCandidateSequence: null,
      repeatedOutcomes: 1,
      reason: "A new bounded repair may proceed under the original remaining allowance.",
      sha256: "d5323ecd3805c6ff46494e4e246510bc42c4c6d9821d83f526f17d2401654093",
    }, {
      schema_version: "wringer.loop-decision.v1",
      sequence: 1,
      phase: "checks",
      candidateCommit: "ccccccccccccccccccccccccccccccccccccccc1",
      candidateTree: "bbbbbbbbbbbbbbbbbbbbbbbbbbbbbbbbbbbbbbb1",
      acceptanceSha256: "3fce1d3ee48f1d53bc39a68f56bd5ac356279c685591c1835271938cfc1b9352",
      environmentSha256: "9767c0f0372e7eb1848b06890f951c2de1087e4a364b9cffcbe147099ef85f60",
      verificationSha256: "51d3d80b31640294ee664c61f2bfe8dcebc0a838bfca5143f646cde3d59df4f7",
      comparableSha256: "01127f729d2d1ac0a70ea730d11ecd2abb5196bf6375f9aabac6706f1d738fdf",
      outcomes: [
        {
          id: "total-check",
          kind: "check",
          status: "failed",
        }, {
          id: "baseline",
          kind: "regression",
          status: "passed",
        }
      ],
      unsuccessful: true,
      action: "continue",
      repeatedCandidateSequence: null,
      repeatedOutcomes: 1,
      reason: "A new bounded repair may proceed under the original remaining allowance.",
      sha256: "d5323ecd3805c6ff46494e4e246510bc42c4c6d9821d83f526f17d2401654093",
    }, {
      schema_version: "wringer.loop-decision.v1",
      sequence: 1,
      phase: "checks",
      candidateCommit: "ccccccccccccccccccccccccccccccccccccccc1",
      candidateTree: "bbbbbbbbbbbbbbbbbbbbbbbbbbbbbbbbbbbbbbb1",
      acceptanceSha256: "3fce1d3ee48f1d53bc39a68f56bd5ac356279c685591c1835271938cfc1b9352",
      environmentSha256: "9767c0f0372e7eb1848b06890f951c2de1087e4a364b9cffcbe147099ef85f60",
      verificationSha256: "51d3d80b31640294ee664c61f2bfe8dcebc0a838bfca5143f646cde3d59df4f7",
      comparableSha256: "01127f729d2d1ac0a70ea730d11ecd2abb5196bf6375f9aabac6706f1d738fdf",
      outcomes: [
        {
          id: "total-check",
          kind: "check",
          status: "failed",
        }, {
          id: "baseline",
          kind: "regression",
          status: "passed",
        }
      ],
      unsuccessful: true,
      action: "continue",
      repeatedCandidateSequence: null,
      repeatedOutcomes: 1,
      reason: "A new bounded repair may proceed under the original remaining allowance.",
      sha256: "d5323ecd3805c6ff46494e4e246510bc42c4c6d9821d83f526f17d2401654093",
    }, {
      schema_version: "wringer.loop-decision.v1",
      sequence: 1,
      phase: "checks",
      candidateCommit: "ccccccccccccccccccccccccccccccccccccccc1",
      candidateTree: "bbbbbbbbbbbbbbbbbbbbbbbbbbbbbbbbbbbbbbb1",
      acceptanceSha256: "3fce1d3ee48f1d53bc39a68f56bd5ac356279c685591c1835271938cfc1b9352",
      environmentSha256: "9767c0f0372e7eb1848b06890f951c2de1087e4a364b9cffcbe147099ef85f60",
      verificationSha256: "51d3d80b31640294ee664c61f2bfe8dcebc0a838bfca5143f646cde3d59df4f7",
      comparableSha256: "01127f729d2d1ac0a70ea730d11ecd2abb5196bf6375f9aabac6706f1d738fdf",
      outcomes: [
        {
          id: "total-check",
          kind: "check",
          status: "failed",
        }, {
          id: "baseline",
          kind: "regression",
          status: "passed",
        }
      ],
      unsuccessful: true,
      action: "continue",
      repeatedCandidateSequence: null,
      repeatedOutcomes: 1,
      reason: "A new bounded repair may proceed under the original remaining allowance.",
      sha256: "d5323ecd3805c6ff46494e4e246510bc42c4c6d9821d83f526f17d2401654093",
    }, {
      schema_version: "wringer.loop-decision.v1",
      sequence: 1,
      phase: "checks",
      candidateCommit: "ccccccccccccccccccccccccccccccccccccccc1",
      candidateTree: "bbbbbbbbbbbbbbbbbbbbbbbbbbbbbbbbbbbbbbb1",
      acceptanceSha256: "3fce1d3ee48f1d53bc39a68f56bd5ac356279c685591c1835271938cfc1b9352",
      environmentSha256: "9767c0f0372e7eb1848b06890f951c2de1087e4a364b9cffcbe147099ef85f60",
      verificationSha256: "51d3d80b31640294ee664c61f2bfe8dcebc0a838bfca5143f646cde3d59df4f7",
      comparableSha256: "01127f729d2d1ac0a70ea730d11ecd2abb5196bf6375f9aabac6706f1d738fdf",
      outcomes: [
        {
          id: "total-check",
          kind: "check",
          status: "failed",
        }, {
          id: "baseline",
          kind: "regression",
          status: "passed",
        }
      ],
      unsuccessful: true,
      action: "continue",
      repeatedCandidateSequence: null,
      repeatedOutcomes: 1,
      reason: "A new bounded repair may proceed under the original remaining allowance.",
      sha256: "d5323ecd3805c6ff46494e4e246510bc42c4c6d9821d83f526f17d2401654093",
    }, {
      schema_version: "wringer.loop-decision.v1",
      sequence: 1,
      phase: "checks",
      candidateCommit: "ccccccccccccccccccccccccccccccccccccccc1",
      candidateTree: "bbbbbbbbbbbbbbbbbbbbbbbbbbbbbbbbbbbbbbb1",
      acceptanceSha256: "3fce1d3ee48f1d53bc39a68f56bd5ac356279c685591c1835271938cfc1b9352",
      environmentSha256: "9767c0f0372e7eb1848b06890f951c2de1087e4a364b9cffcbe147099ef85f60",
      verificationSha256: "51d3d80b31640294ee664c61f2bfe8dcebc0a838bfca5143f646cde3d59df4f7",
      comparableSha256: "01127f729d2d1ac0a70ea730d11ecd2abb5196bf6375f9aabac6706f1d738fdf",
      outcomes: [
        {
          id: "total-check",
          kind: "check",
          status: "failed",
        }, {
          id: "baseline",
          kind: "regression",
          status: "passed",
        }
      ],
      unsuccessful: true,
      action: "continue",
      repeatedCandidateSequence: null,
      repeatedOutcomes: 1,
      reason: "A new bounded repair may proceed under the original remaining allowance.",
      sha256: "d5323ecd3805c6ff46494e4e246510bc42c4c6d9821d83f526f17d2401654093",
    }, {
      schema_version: "wringer.loop-decision.v1",
      sequence: 1,
      phase: "checks",
      candidateCommit: "ccccccccccccccccccccccccccccccccccccccc1",
      candidateTree: "bbbbbbbbbbbbbbbbbbbbbbbbbbbbbbbbbbbbbbb1",
      acceptanceSha256: "3fce1d3ee48f1d53bc39a68f56bd5ac356279c685591c1835271938cfc1b9352",
      environmentSha256: "9767c0f0372e7eb1848b06890f951c2de1087e4a364b9cffcbe147099ef85f60",
      verificationSha256: "51d3d80b31640294ee664c61f2bfe8dcebc0a838bfca5143f646cde3d59df4f7",
      comparableSha256: "01127f729d2d1ac0a70ea730d11ecd2abb5196bf6375f9aabac6706f1d738fdf",
      outcomes: [
        {
          id: "total-check",
          kind: "check",
          status: "failed",
        }, {
          id: "baseline",
          kind: "regression",
          status: "passed",
        }
      ],
      unsuccessful: true,
      action: "continue",
      repeatedCandidateSequence: null,
      repeatedOutcomes: 1,
      reason: "A new bounded repair may proceed under the original remaining allowance.",
      sha256: "d5323ecd3805c6ff46494e4e246510bc42c4c6d9821d83f526f17d2401654093",
    }, {
      schema_version: "wringer.loop-decision.v1",
      sequence: 1,
      phase: "checks",
      candidateCommit: "ccccccccccccccccccccccccccccccccccccccc1",
      candidateTree: "bbbbbbbbbbbbbbbbbbbbbbbbbbbbbbbbbbbbbbb1",
      acceptanceSha256: "3fce1d3ee48f1d53bc39a68f56bd5ac356279c685591c1835271938cfc1b9352",
      environmentSha256: "9767c0f0372e7eb1848b06890f951c2de1087e4a364b9cffcbe147099ef85f60",
      verificationSha256: "51d3d80b31640294ee664c61f2bfe8dcebc0a838bfca5143f646cde3d59df4f7",
      comparableSha256: "01127f729d2d1ac0a70ea730d11ecd2abb5196bf6375f9aabac6706f1d738fdf",
      outcomes: [
        {
          id: "total-check",
          kind: "check",
          status: "failed",
        }, {
          id: "baseline",
          kind: "regression",
          status: "passed",
        }
      ],
      unsuccessful: true,
      action: "continue",
      repeatedCandidateSequence: null,
      repeatedOutcomes: 1,
      reason: "A new bounded repair may proceed under the original remaining allowance.",
      sha256: "d5323ecd3805c6ff46494e4e246510bc42c4c6d9821d83f526f17d2401654093",
    }, {
      schema_version: "wringer.loop-decision.v1",
      sequence: 1,
      phase: "checks",
      candidateCommit: "ccccccccccccccccccccccccccccccccccccccc1",
      candidateTree: "bbbbbbbbbbbbbbbbbbbbbbbbbbbbbbbbbbbbbbb1",
      acceptanceSha256: "3fce1d3ee48f1d53bc39a68f56bd5ac356279c685591c1835271938cfc1b9352",
      environmentSha256: "9767c0f0372e7eb1848b06890f951c2de1087e4a364b9cffcbe147099ef85f60",
      verificationSha256: "51d3d80b31640294ee664c61f2bfe8dcebc0a838bfca5143f646cde3d59df4f7",
      comparableSha256: "01127f729d2d1ac0a70ea730d11ecd2abb5196bf6375f9aabac6706f1d738fdf",
      outcomes: [
        {
          id: "total-check",
          kind: "check",
          status: "failed",
        }, {
          id: "baseline",
          kind: "regression",
          status: "passed",
        }
      ],
      unsuccessful: true,
      action: "continue",
      repeatedCandidateSequence: null,
      repeatedOutcomes: 1,
      reason: "A new bounded repair may proceed under the original remaining allowance.",
      sha256: "d5323ecd3805c6ff46494e4e246510bc42c4c6d9821d83f526f17d2401654093",
    }, {
      schema_version: "wringer.loop-decision.v1",
      sequence: 1,
      phase: "checks",
      candidateCommit: "ccccccccccccccccccccccccccccccccccccccc1",
      candidateTree: "bbbbbbbbbbbbbbbbbbbbbbbbbbbbbbbbbbbbbbb1",
      acceptanceSha256: "3fce1d3ee48f1d53bc39a68f56bd5ac356279c685591c1835271938cfc1b9352",
      environmentSha256: "9767c0f0372e7eb1848b06890f951c2de1087e4a364b9cffcbe147099ef85f60",
      verificationSha256: "51d3d80b31640294ee664c61f2bfe8dcebc0a838bfca5143f646cde3d59df4f7",
      comparableSha256: "01127f729d2d1ac0a70ea730d11ecd2abb5196bf6375f9aabac6706f1d738fdf",
      outcomes: [
        {
          id: "total-check",
          kind: "check",
          status: "failed",
        }, {
          id: "baseline",
          kind: "regression",
          status: "passed",
        }
      ],
      unsuccessful: true,
      action: "continue",
      repeatedCandidateSequence: null,
      repeatedOutcomes: 1,
      reason: "A new bounded repair may proceed under the original remaining allowance.",
      sha256: "d5323ecd3805c6ff46494e4e246510bc42c4c6d9821d83f526f17d2401654093",
    }, {
      schema_version: "wringer.loop-decision.v1",
      sequence: 1,
      phase: "checks",
      candidateCommit: "ccccccccccccccccccccccccccccccccccccccc1",
      candidateTree: "bbbbbbbbbbbbbbbbbbbbbbbbbbbbbbbbbbbbbbb1",
      acceptanceSha256: "3fce1d3ee48f1d53bc39a68f56bd5ac356279c685591c1835271938cfc1b9352",
      environmentSha256: "9767c0f0372e7eb1848b06890f951c2de1087e4a364b9cffcbe147099ef85f60",
      verificationSha256: "51d3d80b31640294ee664c61f2bfe8dcebc0a838bfca5143f646cde3d59df4f7",
      comparableSha256: "01127f729d2d1ac0a70ea730d11ecd2abb5196bf6375f9aabac6706f1d738fdf",
      outcomes: [
        {
          id: "total-check",
          kind: "check",
          status: "failed",
        }, {
          id: "baseline",
          kind: "regression",
          status: "passed",
        }
      ],
      unsuccessful: true,
      action: "continue",
      repeatedCandidateSequence: null,
      repeatedOutcomes: 1,
      reason: "A new bounded repair may proceed under the original remaining allowance.",
      sha256: "d5323ecd3805c6ff46494e4e246510bc42c4c6d9821d83f526f17d2401654093",
    }, {
      schema_version: "wringer.loop-decision.v1",
      sequence: 1,
      phase: "checks",
      candidateCommit: "ccccccccccccccccccccccccccccccccccccccc1",
      candidateTree: "bbbbbbbbbbbbbbbbbbbbbbbbbbbbbbbbbbbbbbb1",
      acceptanceSha256: "3fce1d3ee48f1d53bc39a68f56bd5ac356279c685591c1835271938cfc1b9352",
      environmentSha256: "9767c0f0372e7eb1848b06890f951c2de1087e4a364b9cffcbe147099ef85f60",
      verificationSha256: "51d3d80b31640294ee664c61f2bfe8dcebc0a838bfca5143f646cde3d59df4f7",
      comparableSha256: "01127f729d2d1ac0a70ea730d11ecd2abb5196bf6375f9aabac6706f1d738fdf",
      outcomes: [
        {
          id: "total-check",
          kind: "check",
          status: "failed",
        }, {
          id: "baseline",
          kind: "regression",
          status: "passed",
        }
      ],
      unsuccessful: true,
      action: "continue",
      repeatedCandidateSequence: null,
      repeatedOutcomes: 1,
      reason: "A new bounded repair may proceed under the original remaining allowance.",
      sha256: "d5323ecd3805c6ff46494e4e246510bc42c4c6d9821d83f526f17d2401654093",
    }, {
      schema_version: "wringer.loop-decision.v1",
      sequence: 1,
      phase: "checks",
      candidateCommit: "ccccccccccccccccccccccccccccccccccccccc1",
      candidateTree: "bbbbbbbbbbbbbbbbbbbbbbbbbbbbbbbbbbbbbbb1",
      acceptanceSha256: "3fce1d3ee48f1d53bc39a68f56bd5ac356279c685591c1835271938cfc1b9352",
      environmentSha256: "9767c0f0372e7eb1848b06890f951c2de1087e4a364b9cffcbe147099ef85f60",
      verificationSha256: "51d3d80b31640294ee664c61f2bfe8dcebc0a838bfca5143f646cde3d59df4f7",
      comparableSha256: "01127f729d2d1ac0a70ea730d11ecd2abb5196bf6375f9aabac6706f1d738fdf",
      outcomes: [
        {
          id: "total-check",
          kind: "check",
          status: "failed",
        }, {
          id: "baseline",
          kind: "regression",
          status: "passed",
        }
      ],
      unsuccessful: true,
      action: "continue",
      repeatedCandidateSequence: null,
      repeatedOutcomes: 1,
      reason: "A new bounded repair may proceed under the original remaining allowance.",
      sha256: "d5323ecd3805c6ff46494e4e246510bc42c4c6d9821d83f526f17d2401654093",
    }, {
      schema_version: "wringer.loop-decision.v1",
      sequence: 1,
      phase: "checks",
      candidateCommit: "ccccccccccccccccccccccccccccccccccccccc1",
      candidateTree: "bbbbbbbbbbbbbbbbbbbbbbbbbbbbbbbbbbbbbbb1",
      acceptanceSha256: "3fce1d3ee48f1d53bc39a68f56bd5ac356279c685591c1835271938cfc1b9352",
      environmentSha256: "9767c0f0372e7eb1848b06890f951c2de1087e4a364b9cffcbe147099ef85f60",
      verificationSha256: "51d3d80b31640294ee664c61f2bfe8dcebc0a838bfca5143f646cde3d59df4f7",
      comparableSha256: "01127f729d2d1ac0a70ea730d11ecd2abb5196bf6375f9aabac6706f1d738fdf",
      outcomes: [
        {
          id: "total-check",
          kind: "check",
          status: "failed",
        }, {
          id: "baseline",
          kind: "regression",
          status: "passed",
        }
      ],
      unsuccessful: true,
      action: "continue",
      repeatedCandidateSequence: null,
      repeatedOutcomes: 1,
      reason: "A new bounded repair may proceed under the original remaining allowance.",
      sha256: "d5323ecd3805c6ff46494e4e246510bc42c4c6d9821d83f526f17d2401654093",
    }, {
      schema_version: "wringer.loop-decision.v1",
      sequence: 1,
      phase: "checks",
      candidateCommit: "ccccccccccccccccccccccccccccccccccccccc1",
      candidateTree: "bbbbbbbbbbbbbbbbbbbbbbbbbbbbbbbbbbbbbbb1",
      acceptanceSha256: "3fce1d3ee48f1d53bc39a68f56bd5ac356279c685591c1835271938cfc1b9352",
      environmentSha256: "9767c0f0372e7eb1848b06890f951c2de1087e4a364b9cffcbe147099ef85f60",
      verificationSha256: "51d3d80b31640294ee664c61f2bfe8dcebc0a838bfca5143f646cde3d59df4f7",
      comparableSha256: "01127f729d2d1ac0a70ea730d11ecd2abb5196bf6375f9aabac6706f1d738fdf",
      outcomes: [
        {
          id: "total-check",
          kind: "check",
          status: "failed",
        }, {
          id: "baseline",
          kind: "regression",
          status: "passed",
        }
      ],
      unsuccessful: true,
      action: "continue",
      repeatedCandidateSequence: null,
      repeatedOutcomes: 1,
      reason: "A new bounded repair may proceed under the original remaining allowance.",
      sha256: "d5323ecd3805c6ff46494e4e246510bc42c4c6d9821d83f526f17d2401654093",
    }, {
      schema_version: "wringer.loop-decision.v1",
      sequence: 1,
      phase: "checks",
      candidateCommit: "ccccccccccccccccccccccccccccccccccccccc1",
      candidateTree: "bbbbbbbbbbbbbbbbbbbbbbbbbbbbbbbbbbbbbbb1",
      acceptanceSha256: "3fce1d3ee48f1d53bc39a68f56bd5ac356279c685591c1835271938cfc1b9352",
      environmentSha256: "9767c0f0372e7eb1848b06890f951c2de1087e4a364b9cffcbe147099ef85f60",
      verificationSha256: "51d3d80b31640294ee664c61f2bfe8dcebc0a838bfca5143f646cde3d59df4f7",
      comparableSha256: "01127f729d2d1ac0a70ea730d11ecd2abb5196bf6375f9aabac6706f1d738fdf",
      outcomes: [
        {
          id: "total-check",
          kind: "check",
          status: "failed",
        }, {
          id: "baseline",
          kind: "regression",
          status: "passed",
        }
      ],
      unsuccessful: true,
      action: "continue",
      repeatedCandidateSequence: null,
      repeatedOutcomes: 1,
      reason: "A new bounded repair may proceed under the original remaining allowance.",
      sha256: "d5323ecd3805c6ff46494e4e246510bc42c4c6d9821d83f526f17d2401654093",
    }, {
      schema_version: "wringer.loop-decision.v1",
      sequence: 1,
      phase: "checks",
      candidateCommit: "ccccccccccccccccccccccccccccccccccccccc1",
      candidateTree: "bbbbbbbbbbbbbbbbbbbbbbbbbbbbbbbbbbbbbbb1",
      acceptanceSha256: "3fce1d3ee48f1d53bc39a68f56bd5ac356279c685591c1835271938cfc1b9352",
      environmentSha256: "9767c0f0372e7eb1848b06890f951c2de1087e4a364b9cffcbe147099ef85f60",
      verificationSha256: "51d3d80b31640294ee664c61f2bfe8dcebc0a838bfca5143f646cde3d59df4f7",
      comparableSha256: "01127f729d2d1ac0a70ea730d11ecd2abb5196bf6375f9aabac6706f1d738fdf",
      outcomes: [
        {
          id: "total-check",
          kind: "check",
          status: "failed",
        }, {
          id: "baseline",
          kind: "regression",
          status: "passed",
        }
      ],
      unsuccessful: true,
      action: "continue",
      repeatedCandidateSequence: null,
      repeatedOutcomes: 1,
      reason: "A new bounded repair may proceed under the original remaining allowance.",
      sha256: "d5323ecd3805c6ff46494e4e246510bc42c4c6d9821d83f526f17d2401654093",
    }, {
      schema_version: "wringer.loop-decision.v1",
      sequence: 1,
      phase: "checks",
      candidateCommit: "ccccccccccccccccccccccccccccccccccccccc1",
      candidateTree: "bbbbbbbbbbbbbbbbbbbbbbbbbbbbbbbbbbbbbbb1",
      acceptanceSha256: "3fce1d3ee48f1d53bc39a68f56bd5ac356279c685591c1835271938cfc1b9352",
      environmentSha256: "9767c0f0372e7eb1848b06890f951c2de1087e4a364b9cffcbe147099ef85f60",
      verificationSha256: "51d3d80b31640294ee664c61f2bfe8dcebc0a838bfca5143f646cde3d59df4f7",
      comparableSha256: "01127f729d2d1ac0a70ea730d11ecd2abb5196bf6375f9aabac6706f1d738fdf",
      outcomes: [
        {
          id: "total-check",
          kind: "check",
          status: "failed",
        }, {
          id: "baseline",
          kind: "regression",
          status: "passed",
        }
      ],
      unsuccessful: true,
      action: "continue",
      repeatedCandidateSequence: null,
      repeatedOutcomes: 1,
      reason: "A new bounded repair may proceed under the original remaining allowance.",
      sha256: "d5323ecd3805c6ff46494e4e246510bc42c4c6d9821d83f526f17d2401654093",
    }, {
      schema_version: "wringer.loop-decision.v1",
      sequence: 1,
      phase: "checks",
      candidateCommit: "ccccccccccccccccccccccccccccccccccccccc1",
      candidateTree: "bbbbbbbbbbbbbbbbbbbbbbbbbbbbbbbbbbbbbbb1",
      acceptanceSha256: "3fce1d3ee48f1d53bc39a68f56bd5ac356279c685591c1835271938cfc1b9352",
      environmentSha256: "9767c0f0372e7eb1848b06890f951c2de1087e4a364b9cffcbe147099ef85f60",
      verificationSha256: "51d3d80b31640294ee664c61f2bfe8dcebc0a838bfca5143f646cde3d59df4f7",
      comparableSha256: "01127f729d2d1ac0a70ea730d11ecd2abb5196bf6375f9aabac6706f1d738fdf",
      outcomes: [
        {
          id: "total-check",
          kind: "check",
          status: "failed",
        }, {
          id: "baseline",
          kind: "regression",
          status: "passed",
        }
      ],
      unsuccessful: true,
      action: "continue",
      repeatedCandidateSequence: null,
      repeatedOutcomes: 1,
      reason: "A new bounded repair may proceed under the original remaining allowance.",
      sha256: "d5323ecd3805c6ff46494e4e246510bc42c4c6d9821d83f526f17d2401654093",
    }, {
      schema_version: "wringer.loop-decision.v1",
      sequence: 1,
      phase: "checks",
      candidateCommit: "ccccccccccccccccccccccccccccccccccccccc1",
      candidateTree: "bbbbbbbbbbbbbbbbbbbbbbbbbbbbbbbbbbbbbbb1",
      acceptanceSha256: "3fce1d3ee48f1d53bc39a68f56bd5ac356279c685591c1835271938cfc1b9352",
      environmentSha256: "9767c0f0372e7eb1848b06890f951c2de1087e4a364b9cffcbe147099ef85f60",
      verificationSha256: "51d3d80b31640294ee664c61f2bfe8dcebc0a838bfca5143f646cde3d59df4f7",
      comparableSha256: "01127f729d2d1ac0a70ea730d11ecd2abb5196bf6375f9aabac6706f1d738fdf",
      outcomes: [
        {
          id: "total-check",
          kind: "check",
          status: "failed",
        }, {
          id: "baseline",
          kind: "regression",
          status: "passed",
        }
      ],
      unsuccessful: true,
      action: "continue",
      repeatedCandidateSequence: null,
      repeatedOutcomes: 1,
      reason: "A new bounded repair may proceed under the original remaining allowance.",
      sha256: "d5323ecd3805c6ff46494e4e246510bc42c4c6d9821d83f526f17d2401654093",
    }, {
      schema_version: "wringer.loop-decision.v1",
      sequence: 1,
      phase: "checks",
      candidateCommit: "ccccccccccccccccccccccccccccccccccccccc1",
      candidateTree: "bbbbbbbbbbbbbbbbbbbbbbbbbbbbbbbbbbbbbbb1",
      acceptanceSha256: "3fce1d3ee48f1d53bc39a68f56bd5ac356279c685591c1835271938cfc1b9352",
      environmentSha256: "9767c0f0372e7eb1848b06890f951c2de1087e4a364b9cffcbe147099ef85f60",
      verificationSha256: "51d3d80b31640294ee664c61f2bfe8dcebc0a838bfca5143f646cde3d59df4f7",
      comparableSha256: "01127f729d2d1ac0a70ea730d11ecd2abb5196bf6375f9aabac6706f1d738fdf",
      outcomes: [
        {
          id: "total-check",
          kind: "check",
          status: "failed",
        }, {
          id: "baseline",
          kind: "regression",
          status: "passed",
        }
      ],
      unsuccessful: true,
      action: "continue",
      repeatedCandidateSequence: null,
      repeatedOutcomes: 1,
      reason: "A new bounded repair may proceed under the original remaining allowance.",
      sha256: "d5323ecd3805c6ff46494e4e246510bc42c4c6d9821d83f526f17d2401654093",
    }, {
      schema_version: "wringer.loop-decision.v1",
      sequence: 1,
      phase: "checks",
      candidateCommit: "ccccccccccccccccccccccccccccccccccccccc1",
      candidateTree: "bbbbbbbbbbbbbbbbbbbbbbbbbbbbbbbbbbbbbbb1",
      acceptanceSha256: "3fce1d3ee48f1d53bc39a68f56bd5ac356279c685591c1835271938cfc1b9352",
      environmentSha256: "9767c0f0372e7eb1848b06890f951c2de1087e4a364b9cffcbe147099ef85f60",
      verificationSha256: "51d3d80b31640294ee664c61f2bfe8dcebc0a838bfca5143f646cde3d59df4f7",
      comparableSha256: "01127f729d2d1ac0a70ea730d11ecd2abb5196bf6375f9aabac6706f1d738fdf",
      outcomes: [
        {
          id: "total-check",
          kind: "check",
          status: "failed",
        }, {
          id: "baseline",
          kind: "regression",
          status: "passed",
        }
      ],
      unsuccessful: true,
      action: "continue",
      repeatedCandidateSequence: null,
      repeatedOutcomes: 1,
      reason: "A new bounded repair may proceed under the original remaining allowance.",
      sha256: "d5323ecd3805c6ff46494e4e246510bc42c4c6d9821d83f526f17d2401654093",
    }, {
      schema_version: "wringer.loop-decision.v1",
      sequence: 1,
      phase: "checks",
      candidateCommit: "ccccccccccccccccccccccccccccccccccccccc1",
      candidateTree: "bbbbbbbbbbbbbbbbbbbbbbbbbbbbbbbbbbbbbbb1",
      acceptanceSha256: "3fce1d3ee48f1d53bc39a68f56bd5ac356279c685591c1835271938cfc1b9352",
      environmentSha256: "9767c0f0372e7eb1848b06890f951c2de1087e4a364b9cffcbe147099ef85f60",
      verificationSha256: "51d3d80b31640294ee664c61f2bfe8dcebc0a838bfca5143f646cde3d59df4f7",
      comparableSha256: "01127f729d2d1ac0a70ea730d11ecd2abb5196bf6375f9aabac6706f1d738fdf",
      outcomes: [
        {
          id: "total-check",
          kind: "check",
          status: "failed",
        }, {
          id: "baseline",
          kind: "regression",
          status: "passed",
        }
      ],
      unsuccessful: true,
      action: "continue",
      repeatedCandidateSequence: null,
      repeatedOutcomes: 1,
      reason: "A new bounded repair may proceed under the original remaining allowance.",
      sha256: "d5323ecd3805c6ff46494e4e246510bc42c4c6d9821d83f526f17d2401654093",
    }, {
      schema_version: "wringer.loop-decision.v1",
      sequence: 1,
      phase: "checks",
      candidateCommit: "ccccccccccccccccccccccccccccccccccccccc1",
      candidateTree: "bbbbbbbbbbbbbbbbbbbbbbbbbbbbbbbbbbbbbbb1",
      acceptanceSha256: "3fce1d3ee48f1d53bc39a68f56bd5ac356279c685591c1835271938cfc1b9352",
      environmentSha256: "9767c0f0372e7eb1848b06890f951c2de1087e4a364b9cffcbe147099ef85f60",
      verificationSha256: "51d3d80b31640294ee664c61f2bfe8dcebc0a838bfca5143f646cde3d59df4f7",
      comparableSha256: "01127f729d2d1ac0a70ea730d11ecd2abb5196bf6375f9aabac6706f1d738fdf",
      outcomes: [
        {
          id: "total-check",
          kind: "check",
          status: "failed",
        }, {
          id: "baseline",
          kind: "regression",
          status: "passed",
        }
      ],
      unsuccessful: true,
      action: "continue",
      repeatedCandidateSequence: null,
      repeatedOutcomes: 1,
      reason: "A new bounded repair may proceed under the original remaining allowance.",
      sha256: "d5323ecd3805c6ff46494e4e246510bc42c4c6d9821d83f526f17d2401654093",
    }, {
      schema_version: "wringer.loop-decision.v1",
      sequence: 1,
      phase: "checks",
      candidateCommit: "ccccccccccccccccccccccccccccccccccccccc1",
      candidateTree: "bbbbbbbbbbbbbbbbbbbbbbbbbbbbbbbbbbbbbbb1",
      acceptanceSha256: "3fce1d3ee48f1d53bc39a68f56bd5ac356279c685591c1835271938cfc1b9352",
      environmentSha256: "9767c0f0372e7eb1848b06890f951c2de1087e4a364b9cffcbe147099ef85f60",
      verificationSha256: "51d3d80b31640294ee664c61f2bfe8dcebc0a838bfca5143f646cde3d59df4f7",
      comparableSha256: "01127f729d2d1ac0a70ea730d11ecd2abb5196bf6375f9aabac6706f1d738fdf",
      outcomes: [
        {
          id: "total-check",
          kind: "check",
          status: "failed",
        }, {
          id: "baseline",
          kind: "regression",
          status: "passed",
        }
      ],
      unsuccessful: true,
      action: "continue",
      repeatedCandidateSequence: null,
      repeatedOutcomes: 1,
      reason: "A new bounded repair may proceed under the original remaining allowance.",
      sha256: "d5323ecd3805c6ff46494e4e246510bc42c4c6d9821d83f526f17d2401654093",
    }, {
      schema_version: "wringer.loop-decision.v1",
      sequence: 1,
      phase: "checks",
      candidateCommit: "ccccccccccccccccccccccccccccccccccccccc1",
      candidateTree: "bbbbbbbbbbbbbbbbbbbbbbbbbbbbbbbbbbbbbbb1",
      acceptanceSha256: "3fce1d3ee48f1d53bc39a68f56bd5ac356279c685591c1835271938cfc1b9352",
      environmentSha256: "9767c0f0372e7eb1848b06890f951c2de1087e4a364b9cffcbe147099ef85f60",
      verificationSha256: "51d3d80b31640294ee664c61f2bfe8dcebc0a838bfca5143f646cde3d59df4f7",
      comparableSha256: "01127f729d2d1ac0a70ea730d11ecd2abb5196bf6375f9aabac6706f1d738fdf",
      outcomes: [
        {
          id: "total-check",
          kind: "check",
          status: "failed",
        }, {
          id: "baseline",
          kind: "regression",
          status: "passed",
        }
      ],
      unsuccessful: true,
      action: "continue",
      repeatedCandidateSequence: null,
      repeatedOutcomes: 1,
      reason: "A new bounded repair may proceed under the original remaining allowance.",
      sha256: "d5323ecd3805c6ff46494e4e246510bc42c4c6d9821d83f526f17d2401654093",
    }, {
      schema_version: "wringer.loop-decision.v1",
      sequence: 1,
      phase: "checks",
      candidateCommit: "ccccccccccccccccccccccccccccccccccccccc1",
      candidateTree: "bbbbbbbbbbbbbbbbbbbbbbbbbbbbbbbbbbbbbbb1",
      acceptanceSha256: "3fce1d3ee48f1d53bc39a68f56bd5ac356279c685591c1835271938cfc1b9352",
      environmentSha256: "9767c0f0372e7eb1848b06890f951c2de1087e4a364b9cffcbe147099ef85f60",
      verificationSha256: "51d3d80b31640294ee664c61f2bfe8dcebc0a838bfca5143f646cde3d59df4f7",
      comparableSha256: "01127f729d2d1ac0a70ea730d11ecd2abb5196bf6375f9aabac6706f1d738fdf",
      outcomes: [
        {
          id: "total-check",
          kind: "check",
          status: "failed",
        }, {
          id: "baseline",
          kind: "regression",
          status: "passed",
        }
      ],
      unsuccessful: true,
      action: "continue",
      repeatedCandidateSequence: null,
      repeatedOutcomes: 1,
      reason: "A new bounded repair may proceed under the original remaining allowance.",
      sha256: "d5323ecd3805c6ff46494e4e246510bc42c4c6d9821d83f526f17d2401654093",
    }, {
      schema_version: "wringer.loop-decision.v1",
      sequence: 1,
      phase: "checks",
      candidateCommit: "ccccccccccccccccccccccccccccccccccccccc1",
      candidateTree: "bbbbbbbbbbbbbbbbbbbbbbbbbbbbbbbbbbbbbbb1",
      acceptanceSha256: "3fce1d3ee48f1d53bc39a68f56bd5ac356279c685591c1835271938cfc1b9352",
      environmentSha256: "9767c0f0372e7eb1848b06890f951c2de1087e4a364b9cffcbe147099ef85f60",
      verificationSha256: "51d3d80b31640294ee664c61f2bfe8dcebc0a838bfca5143f646cde3d59df4f7",
      comparableSha256: "01127f729d2d1ac0a70ea730d11ecd2abb5196bf6375f9aabac6706f1d738fdf",
      outcomes: [
        {
          id: "total-check",
          kind: "check",
          status: "failed",
        }, {
          id: "baseline",
          kind: "regression",
          status: "passed",
        }
      ],
      unsuccessful: true,
      action: "continue",
      repeatedCandidateSequence: null,
      repeatedOutcomes: 1,
      reason: "A new bounded repair may proceed under the original remaining allowance.",
      sha256: "d5323ecd3805c6ff46494e4e246510bc42c4c6d9821d83f526f17d2401654093",
    }, {
      schema_version: "wringer.loop-decision.v1",
      sequence: 1,
      phase: "checks",
      candidateCommit: "ccccccccccccccccccccccccccccccccccccccc1",
      candidateTree: "bbbbbbbbbbbbbbbbbbbbbbbbbbbbbbbbbbbbbbb1",
      acceptanceSha256: "3fce1d3ee48f1d53bc39a68f56bd5ac356279c685591c1835271938cfc1b9352",
      environmentSha256: "9767c0f0372e7eb1848b06890f951c2de1087e4a364b9cffcbe147099ef85f60",
      verificationSha256: "51d3d80b31640294ee664c61f2bfe8dcebc0a838bfca5143f646cde3d59df4f7",
      comparableSha256: "01127f729d2d1ac0a70ea730d11ecd2abb5196bf6375f9aabac6706f1d738fdf",
      outcomes: [
        {
          id: "total-check",
          kind: "check",
          status: "failed",
        }, {
          id: "baseline",
          kind: "regression",
          status: "passed",
        }
      ],
      unsuccessful: true,
      action: "continue",
      repeatedCandidateSequence: null,
      repeatedOutcomes: 1,
      reason: "A new bounded repair may proceed under the original remaining allowance.",
      sha256: "d5323ecd3805c6ff46494e4e246510bc42c4c6d9821d83f526f17d2401654093",
    }, {
      schema_version: "wringer.loop-decision.v1",
      sequence: 1,
      phase: "checks",
      candidateCommit: "ccccccccccccccccccccccccccccccccccccccc1",
      candidateTree: "bbbbbbbbbbbbbbbbbbbbbbbbbbbbbbbbbbbbbbb1",
      acceptanceSha256: "3fce1d3ee48f1d53bc39a68f56bd5ac356279c685591c1835271938cfc1b9352",
      environmentSha256: "9767c0f0372e7eb1848b06890f951c2de1087e4a364b9cffcbe147099ef85f60",
      verificationSha256: "51d3d80b31640294ee664c61f2bfe8dcebc0a838bfca5143f646cde3d59df4f7",
      comparableSha256: "01127f729d2d1ac0a70ea730d11ecd2abb5196bf6375f9aabac6706f1d738fdf",
      outcomes: [
        {
          id: "total-check",
          kind: "check",
          status: "failed",
        }, {
          id: "baseline",
          kind: "regression",
          status: "passed",
        }
      ],
      unsuccessful: true,
      action: "continue",
      repeatedCandidateSequence: null,
      repeatedOutcomes: 1,
      reason: "A new bounded repair may proceed under the original remaining allowance.",
      sha256: "d5323ecd3805c6ff46494e4e246510bc42c4c6d9821d83f526f17d2401654093",
    }, {
      schema_version: "wringer.loop-decision.v1",
      sequence: 1,
      phase: "checks",
      candidateCommit: "ccccccccccccccccccccccccccccccccccccccc1",
      candidateTree: "bbbbbbbbbbbbbbbbbbbbbbbbbbbbbbbbbbbbbbb1",
      acceptanceSha256: "3fce1d3ee48f1d53bc39a68f56bd5ac356279c685591c1835271938cfc1b9352",
      environmentSha256: "9767c0f0372e7eb1848b06890f951c2de1087e4a364b9cffcbe147099ef85f60",
      verificationSha256: "51d3d80b31640294ee664c61f2bfe8dcebc0a838bfca5143f646cde3d59df4f7",
      comparableSha256: "01127f729d2d1ac0a70ea730d11ecd2abb5196bf6375f9aabac6706f1d738fdf",
      outcomes: [
        {
          id: "total-check",
          kind: "check",
          status: "failed",
        }, {
          id: "baseline",
          kind: "regression",
          status: "passed",
        }
      ],
      unsuccessful: true,
      action: "continue",
      repeatedCandidateSequence: null,
      repeatedOutcomes: 1,
      reason: "A new bounded repair may proceed under the original remaining allowance.",
      sha256: "d5323ecd3805c6ff46494e4e246510bc42c4c6d9821d83f526f17d2401654093",
    }, {
      schema_version: "wringer.loop-decision.v1",
      sequence: 1,
      phase: "checks",
      candidateCommit: "ccccccccccccccccccccccccccccccccccccccc1",
      candidateTree: "bbbbbbbbbbbbbbbbbbbbbbbbbbbbbbbbbbbbbbb1",
      acceptanceSha256: "3fce1d3ee48f1d53bc39a68f56bd5ac356279c685591c1835271938cfc1b9352",
      environmentSha256: "9767c0f0372e7eb1848b06890f951c2de1087e4a364b9cffcbe147099ef85f60",
      verificationSha256: "51d3d80b31640294ee664c61f2bfe8dcebc0a838bfca5143f646cde3d59df4f7",
      comparableSha256: "01127f729d2d1ac0a70ea730d11ecd2abb5196bf6375f9aabac6706f1d738fdf",
      outcomes: [
        {
          id: "total-check",
          kind: "check",
          status: "failed",
        }, {
          id: "baseline",
          kind: "regression",
          status: "passed",
        }
      ],
      unsuccessful: true,
      action: "continue",
      repeatedCandidateSequence: null,
      repeatedOutcomes: 1,
      reason: "A new bounded repair may proceed under the original remaining allowance.",
      sha256: "d5323ecd3805c6ff46494e4e246510bc42c4c6d9821d83f526f17d2401654093",
    }, {
      schema_version: "wringer.loop-decision.v1",
      sequence: 1,
      phase: "checks",
      candidateCommit: "ccccccccccccccccccccccccccccccccccccccc1",
      candidateTree: "bbbbbbbbbbbbbbbbbbbbbbbbbbbbbbbbbbbbbbb1",
      acceptanceSha256: "3fce1d3ee48f1d53bc39a68f56bd5ac356279c685591c1835271938cfc1b9352",
      environmentSha256: "9767c0f0372e7eb1848b06890f951c2de1087e4a364b9cffcbe147099ef85f60",
      verificationSha256: "51d3d80b31640294ee664c61f2bfe8dcebc0a838bfca5143f646cde3d59df4f7",
      comparableSha256: "01127f729d2d1ac0a70ea730d11ecd2abb5196bf6375f9aabac6706f1d738fdf",
      outcomes: [
        {
          id: "total-check",
          kind: "check",
          status: "failed",
        }, {
          id: "baseline",
          kind: "regression",
          status: "passed",
        }
      ],
      unsuccessful: true,
      action: "continue",
      repeatedCandidateSequence: null,
      repeatedOutcomes: 1,
      reason: "A new bounded repair may proceed under the original remaining allowance.",
      sha256: "d5323ecd3805c6ff46494e4e246510bc42c4c6d9821d83f526f17d2401654093",
    }, {
      schema_version: "wringer.loop-decision.v1",
      sequence: 1,
      phase: "checks",
      candidateCommit: "ccccccccccccccccccccccccccccccccccccccc1",
      candidateTree: "bbbbbbbbbbbbbbbbbbbbbbbbbbbbbbbbbbbbbbb1",
      acceptanceSha256: "3fce1d3ee48f1d53bc39a68f56bd5ac356279c685591c1835271938cfc1b9352",
      environmentSha256: "9767c0f0372e7eb1848b06890f951c2de1087e4a364b9cffcbe147099ef85f60",
      verificationSha256: "51d3d80b31640294ee664c61f2bfe8dcebc0a838bfca5143f646cde3d59df4f7",
      comparableSha256: "01127f729d2d1ac0a70ea730d11ecd2abb5196bf6375f9aabac6706f1d738fdf",
      outcomes: [
        {
          id: "total-check",
          kind: "check",
          status: "failed",
        }, {
          id: "baseline",
          kind: "regression",
          status: "passed",
        }
      ],
      unsuccessful: true,
      action: "continue",
      repeatedCandidateSequence: null,
      repeatedOutcomes: 1,
      reason: "A new bounded repair may proceed under the original remaining allowance.",
      sha256: "d5323ecd3805c6ff46494e4e246510bc42c4c6d9821d83f526f17d2401654093",
    }, {
      schema_version: "wringer.loop-decision.v1",
      sequence: 1,
      phase: "checks",
      candidateCommit: "ccccccccccccccccccccccccccccccccccccccc1",
      candidateTree: "bbbbbbbbbbbbbbbbbbbbbbbbbbbbbbbbbbbbbbb1",
      acceptanceSha256: "3fce1d3ee48f1d53bc39a68f56bd5ac356279c685591c1835271938cfc1b9352",
      environmentSha256: "9767c0f0372e7eb1848b06890f951c2de1087e4a364b9cffcbe147099ef85f60",
      verificationSha256: "51d3d80b31640294ee664c61f2bfe8dcebc0a838bfca5143f646cde3d59df4f7",
      comparableSha256: "01127f729d2d1ac0a70ea730d11ecd2abb5196bf6375f9aabac6706f1d738fdf",
      outcomes: [
        {
          id: "total-check",
          kind: "check",
          status: "failed",
        }, {
          id: "baseline",
          kind: "regression",
          status: "passed",
        }
      ],
      unsuccessful: true,
      action: "continue",
      repeatedCandidateSequence: null,
      repeatedOutcomes: 1,
      reason: "A new bounded repair may proceed under the original remaining allowance.",
      sha256: "d5323ecd3805c6ff46494e4e246510bc42c4c6d9821d83f526f17d2401654093",
    }, {
      schema_version: "wringer.loop-decision.v1",
      sequence: 1,
      phase: "checks",
      candidateCommit: "ccccccccccccccccccccccccccccccccccccccc1",
      candidateTree: "bbbbbbbbbbbbbbbbbbbbbbbbbbbbbbbbbbbbbbb1",
      acceptanceSha256: "3fce1d3ee48f1d53bc39a68f56bd5ac356279c685591c1835271938cfc1b9352",
      environmentSha256: "9767c0f0372e7eb1848b06890f951c2de1087e4a364b9cffcbe147099ef85f60",
      verificationSha256: "51d3d80b31640294ee664c61f2bfe8dcebc0a838bfca5143f646cde3d59df4f7",
      comparableSha256: "01127f729d2d1ac0a70ea730d11ecd2abb5196bf6375f9aabac6706f1d738fdf",
      outcomes: [
        {
          id: "total-check",
          kind: "check",
          status: "failed",
        }, {
          id: "baseline",
          kind: "regression",
          status: "passed",
        }
      ],
      unsuccessful: true,
      action: "continue",
      repeatedCandidateSequence: null,
      repeatedOutcomes: 1,
      reason: "A new bounded repair may proceed under the original remaining allowance.",
      sha256: "d5323ecd3805c6ff46494e4e246510bc42c4c6d9821d83f526f17d2401654093",
    }, {
      schema_version: "wringer.loop-decision.v1",
      sequence: 1,
      phase: "checks",
      candidateCommit: "ccccccccccccccccccccccccccccccccccccccc1",
      candidateTree: "bbbbbbbbbbbbbbbbbbbbbbbbbbbbbbbbbbbbbbb1",
      acceptanceSha256: "3fce1d3ee48f1d53bc39a68f56bd5ac356279c685591c1835271938cfc1b9352",
      environmentSha256: "9767c0f0372e7eb1848b06890f951c2de1087e4a364b9cffcbe147099ef85f60",
      verificationSha256: "51d3d80b31640294ee664c61f2bfe8dcebc0a838bfca5143f646cde3d59df4f7",
      comparableSha256: "01127f729d2d1ac0a70ea730d11ecd2abb5196bf6375f9aabac6706f1d738fdf",
      outcomes: [
        {
          id: "total-check",
          kind: "check",
          status: "failed",
        }, {
          id: "baseline",
          kind: "regression",
          status: "passed",
        }
      ],
      unsuccessful: true,
      action: "continue",
      repeatedCandidateSequence: null,
      repeatedOutcomes: 1,
      reason: "A new bounded repair may proceed under the original remaining allowance.",
      sha256: "d5323ecd3805c6ff46494e4e246510bc42c4c6d9821d83f526f17d2401654093",
    }, {
      schema_version: "wringer.loop-decision.v1",
      sequence: 1,
      phase: "checks",
      candidateCommit: "ccccccccccccccccccccccccccccccccccccccc1",
      candidateTree: "bbbbbbbbbbbbbbbbbbbbbbbbbbbbbbbbbbbbbbb1",
      acceptanceSha256: "3fce1d3ee48f1d53bc39a68f56bd5ac356279c685591c1835271938cfc1b9352",
      environmentSha256: "9767c0f0372e7eb1848b06890f951c2de1087e4a364b9cffcbe147099ef85f60",
      verificationSha256: "51d3d80b31640294ee664c61f2bfe8dcebc0a838bfca5143f646cde3d59df4f7",
      comparableSha256: "01127f729d2d1ac0a70ea730d11ecd2abb5196bf6375f9aabac6706f1d738fdf",
      outcomes: [
        {
          id: "total-check",
          kind: "check",
          status: "failed",
        }, {
          id: "baseline",
          kind: "regression",
          status: "passed",
        }
      ],
      unsuccessful: true,
      action: "continue",
      repeatedCandidateSequence: null,
      repeatedOutcomes: 1,
      reason: "A new bounded repair may proceed under the original remaining allowance.",
      sha256: "d5323ecd3805c6ff46494e4e246510bc42c4c6d9821d83f526f17d2401654093",
    }, {
      schema_version: "wringer.loop-decision.v1",
      sequence: 1,
      phase: "checks",
      candidateCommit: "ccccccccccccccccccccccccccccccccccccccc1",
      candidateTree: "bbbbbbbbbbbbbbbbbbbbbbbbbbbbbbbbbbbbbbb1",
      acceptanceSha256: "3fce1d3ee48f1d53bc39a68f56bd5ac356279c685591c1835271938cfc1b9352",
      environmentSha256: "9767c0f0372e7eb1848b06890f951c2de1087e4a364b9cffcbe147099ef85f60",
      verificationSha256: "51d3d80b31640294ee664c61f2bfe8dcebc0a838bfca5143f646cde3d59df4f7",
      comparableSha256: "01127f729d2d1ac0a70ea730d11ecd2abb5196bf6375f9aabac6706f1d738fdf",
      outcomes: [
        {
          id: "total-check",
          kind: "check",
          status: "failed",
        }, {
          id: "baseline",
          kind: "regression",
          status: "passed",
        }
      ],
      unsuccessful: true,
      action: "continue",
      repeatedCandidateSequence: null,
      repeatedOutcomes: 1,
      reason: "A new bounded repair may proceed under the original remaining allowance.",
      sha256: "d5323ecd3805c6ff46494e4e246510bc42c4c6d9821d83f526f17d2401654093",
    }, {
      schema_version: "wringer.loop-decision.v1",
      sequence: 1,
      phase: "checks",
      candidateCommit: "ccccccccccccccccccccccccccccccccccccccc1",
      candidateTree: "bbbbbbbbbbbbbbbbbbbbbbbbbbbbbbbbbbbbbbb1",
      acceptanceSha256: "3fce1d3ee48f1d53bc39a68f56bd5ac356279c685591c1835271938cfc1b9352",
      environmentSha256: "9767c0f0372e7eb1848b06890f951c2de1087e4a364b9cffcbe147099ef85f60",
      verificationSha256: "51d3d80b31640294ee664c61f2bfe8dcebc0a838bfca5143f646cde3d59df4f7",
      comparableSha256: "01127f729d2d1ac0a70ea730d11ecd2abb5196bf6375f9aabac6706f1d738fdf",
      outcomes: [
        {
          id: "total-check",
          kind: "check",
          status: "failed",
        }, {
          id: "baseline",
          kind: "regression",
          status: "passed",
        }
      ],
      unsuccessful: true,
      action: "continue",
      repeatedCandidateSequence: null,
      repeatedOutcomes: 1,
      reason: "A new bounded repair may proceed under the original remaining allowance.",
      sha256: "d5323ecd3805c6ff46494e4e246510bc42c4c6d9821d83f526f17d2401654093",
    }, {
      schema_version: "wringer.loop-decision.v1",
      sequence: 1,
      phase: "checks",
      candidateCommit: "ccccccccccccccccccccccccccccccccccccccc1",
      candidateTree: "bbbbbbbbbbbbbbbbbbbbbbbbbbbbbbbbbbbbbbb1",
      acceptanceSha256: "3fce1d3ee48f1d53bc39a68f56bd5ac356279c685591c1835271938cfc1b9352",
      environmentSha256: "9767c0f0372e7eb1848b06890f951c2de1087e4a364b9cffcbe147099ef85f60",
      verificationSha256: "51d3d80b31640294ee664c61f2bfe8dcebc0a838bfca5143f646cde3d59df4f7",
      comparableSha256: "01127f729d2d1ac0a70ea730d11ecd2abb5196bf6375f9aabac6706f1d738fdf",
      outcomes: [
        {
          id: "total-check",
          kind: "check",
          status: "failed",
        }, {
          id: "baseline",
          kind: "regression",
          status: "passed",
        }
      ],
      unsuccessful: true,
      action: "continue",
      repeatedCandidateSequence: null,
      repeatedOutcomes: 1,
      reason: "A new bounded repair may proceed under the original remaining allowance.",
      sha256: "d5323ecd3805c6ff46494e4e246510bc42c4c6d9821d83f526f17d2401654093",
    }, {
      schema_version: "wringer.loop-decision.v1",
      sequence: 1,
      phase: "checks",
      candidateCommit: "ccccccccccccccccccccccccccccccccccccccc1",
      candidateTree: "bbbbbbbbbbbbbbbbbbbbbbbbbbbbbbbbbbbbbbb1",
      acceptanceSha256: "3fce1d3ee48f1d53bc39a68f56bd5ac356279c685591c1835271938cfc1b9352",
      environmentSha256: "9767c0f0372e7eb1848b06890f951c2de1087e4a364b9cffcbe147099ef85f60",
      verificationSha256: "51d3d80b31640294ee664c61f2bfe8dcebc0a838bfca5143f646cde3d59df4f7",
      comparableSha256: "01127f729d2d1ac0a70ea730d11ecd2abb5196bf6375f9aabac6706f1d738fdf",
      outcomes: [
        {
          id: "total-check",
          kind: "check",
          status: "failed",
        }, {
          id: "baseline",
          kind: "regression",
          status: "passed",
        }
      ],
      unsuccessful: true,
      action: "continue",
      repeatedCandidateSequence: null,
      repeatedOutcomes: 1,
      reason: "A new bounded repair may proceed under the original remaining allowance.",
      sha256: "d5323ecd3805c6ff46494e4e246510bc42c4c6d9821d83f526f17d2401654093",
    }, {
      schema_version: "wringer.loop-decision.v1",
      sequence: 1,
      phase: "checks",
      candidateCommit: "ccccccccccccccccccccccccccccccccccccccc1",
      candidateTree: "bbbbbbbbbbbbbbbbbbbbbbbbbbbbbbbbbbbbbbb1",
      acceptanceSha256: "3fce1d3ee48f1d53bc39a68f56bd5ac356279c685591c1835271938cfc1b9352",
      environmentSha256: "9767c0f0372e7eb1848b06890f951c2de1087e4a364b9cffcbe147099ef85f60",
      verificationSha256: "51d3d80b31640294ee664c61f2bfe8dcebc0a838bfca5143f646cde3d59df4f7",
      comparableSha256: "01127f729d2d1ac0a70ea730d11ecd2abb5196bf6375f9aabac6706f1d738fdf",
      outcomes: [
        {
          id: "total-check",
          kind: "check",
          status: "failed",
        }, {
          id: "baseline",
          kind: "regression",
          status: "passed",
        }
      ],
      unsuccessful: true,
      action: "continue",
      repeatedCandidateSequence: null,
      repeatedOutcomes: 1,
      reason: "A new bounded repair may proceed under the original remaining allowance.",
      sha256: "d5323ecd3805c6ff46494e4e246510bc42c4c6d9821d83f526f17d2401654093",
    }, {
      schema_version: "wringer.loop-decision.v1",
      sequence: 1,
      phase: "checks",
      candidateCommit: "ccccccccccccccccccccccccccccccccccccccc1",
      candidateTree: "bbbbbbbbbbbbbbbbbbbbbbbbbbbbbbbbbbbbbbb1",
      acceptanceSha256: "3fce1d3ee48f1d53bc39a68f56bd5ac356279c685591c1835271938cfc1b9352",
      environmentSha256: "9767c0f0372e7eb1848b06890f951c2de1087e4a364b9cffcbe147099ef85f60",
      verificationSha256: "51d3d80b31640294ee664c61f2bfe8dcebc0a838bfca5143f646cde3d59df4f7",
      comparableSha256: "01127f729d2d1ac0a70ea730d11ecd2abb5196bf6375f9aabac6706f1d738fdf",
      outcomes: [
        {
          id: "total-check",
          kind: "check",
          status: "failed",
        }, {
          id: "baseline",
          kind: "regression",
          status: "passed",
        }
      ],
      unsuccessful: true,
      action: "continue",
      repeatedCandidateSequence: null,
      repeatedOutcomes: 1,
      reason: "A new bounded repair may proceed under the original remaining allowance.",
      sha256: "d5323ecd3805c6ff46494e4e246510bc42c4c6d9821d83f526f17d2401654093",
    }, {
      schema_version: "wringer.loop-decision.v1",
      sequence: 1,
      phase: "checks",
      candidateCommit: "ccccccccccccccccccccccccccccccccccccccc1",
      candidateTree: "bbbbbbbbbbbbbbbbbbbbbbbbbbbbbbbbbbbbbbb1",
      acceptanceSha256: "3fce1d3ee48f1d53bc39a68f56bd5ac356279c685591c1835271938cfc1b9352",
      environmentSha256: "9767c0f0372e7eb1848b06890f951c2de1087e4a364b9cffcbe147099ef85f60",
      verificationSha256: "51d3d80b31640294ee664c61f2bfe8dcebc0a838bfca5143f646cde3d59df4f7",
      comparableSha256: "01127f729d2d1ac0a70ea730d11ecd2abb5196bf6375f9aabac6706f1d738fdf",
      outcomes: [
        {
          id: "total-check",
          kind: "check",
          status: "failed",
        }, {
          id: "baseline",
          kind: "regression",
          status: "passed",
        }
      ],
      unsuccessful: true,
      action: "continue",
      repeatedCandidateSequence: null,
      repeatedOutcomes: 1,
      reason: "A new bounded repair may proceed under the original remaining allowance.",
      sha256: "d5323ecd3805c6ff46494e4e246510bc42c4c6d9821d83f526f17d2401654093",
    }, {
      schema_version: "wringer.loop-decision.v1",
      sequence: 1,
      phase: "checks",
      candidateCommit: "ccccccccccccccccccccccccccccccccccccccc1",
      candidateTree: "bbbbbbbbbbbbbbbbbbbbbbbbbbbbbbbbbbbbbbb1",
      acceptanceSha256: "3fce1d3ee48f1d53bc39a68f56bd5ac356279c685591c1835271938cfc1b9352",
      environmentSha256: "9767c0f0372e7eb1848b06890f951c2de1087e4a364b9cffcbe147099ef85f60",
      verificationSha256: "51d3d80b31640294ee664c61f2bfe8dcebc0a838bfca5143f646cde3d59df4f7",
      comparableSha256: "01127f729d2d1ac0a70ea730d11ecd2abb5196bf6375f9aabac6706f1d738fdf",
      outcomes: [
        {
          id: "total-check",
          kind: "check",
          status: "failed",
        }, {
          id: "baseline",
          kind: "regression",
          status: "passed",
        }
      ],
      unsuccessful: true,
      action: "continue",
      repeatedCandidateSequence: null,
      repeatedOutcomes: 1,
      reason: "A new bounded repair may proceed under the original remaining allowance.",
      sha256: "d5323ecd3805c6ff46494e4e246510bc42c4c6d9821d83f526f17d2401654093",
    }, {
      schema_version: "wringer.loop-decision.v1",
      sequence: 1,
      phase: "checks",
      candidateCommit: "ccccccccccccccccccccccccccccccccccccccc1",
      candidateTree: "bbbbbbbbbbbbbbbbbbbbbbbbbbbbbbbbbbbbbbb1",
      acceptanceSha256: "3fce1d3ee48f1d53bc39a68f56bd5ac356279c685591c1835271938cfc1b9352",
      environmentSha256: "9767c0f0372e7eb1848b06890f951c2de1087e4a364b9cffcbe147099ef85f60",
      verificationSha256: "51d3d80b31640294ee664c61f2bfe8dcebc0a838bfca5143f646cde3d59df4f7",
      comparableSha256: "01127f729d2d1ac0a70ea730d11ecd2abb5196bf6375f9aabac6706f1d738fdf",
      outcomes: [
        {
          id: "total-check",
          kind: "check",
          status: "failed",
        }, {
          id: "baseline",
          kind: "regression",
          status: "passed",
        }
      ],
      unsuccessful: true,
      action: "continue",
      repeatedCandidateSequence: null,
      repeatedOutcomes: 1,
      reason: "A new bounded repair may proceed under the original remaining allowance.",
      sha256: "d5323ecd3805c6ff46494e4e246510bc42c4c6d9821d83f526f17d2401654093",
    }, {
      schema_version: "wringer.loop-decision.v1",
      sequence: 1,
      phase: "checks",
      candidateCommit: "ccccccccccccccccccccccccccccccccccccccc1",
      candidateTree: "bbbbbbbbbbbbbbbbbbbbbbbbbbbbbbbbbbbbbbb1",
      acceptanceSha256: "3fce1d3ee48f1d53bc39a68f56bd5ac356279c685591c1835271938cfc1b9352",
      environmentSha256: "9767c0f0372e7eb1848b06890f951c2de1087e4a364b9cffcbe147099ef85f60",
      verificationSha256: "51d3d80b31640294ee664c61f2bfe8dcebc0a838bfca5143f646cde3d59df4f7",
      comparableSha256: "01127f729d2d1ac0a70ea730d11ecd2abb5196bf6375f9aabac6706f1d738fdf",
      outcomes: [
        {
          id: "total-check",
          kind: "check",
          status: "failed",
        }, {
          id: "baseline",
          kind: "regression",
          status: "passed",
        }
      ],
      unsuccessful: true,
      action: "continue",
      repeatedCandidateSequence: null,
      repeatedOutcomes: 1,
      reason: "A new bounded repair may proceed under the original remaining allowance.",
      sha256: "d5323ecd3805c6ff46494e4e246510bc42c4c6d9821d83f526f17d2401654093",
    }, {
      schema_version: "wringer.loop-decision.v1",
      sequence: 1,
      phase: "checks",
      candidateCommit: "ccccccccccccccccccccccccccccccccccccccc1",
      candidateTree: "bbbbbbbbbbbbbbbbbbbbbbbbbbbbbbbbbbbbbbb1",
      acceptanceSha256: "3fce1d3ee48f1d53bc39a68f56bd5ac356279c685591c1835271938cfc1b9352",
      environmentSha256: "9767c0f0372e7eb1848b06890f951c2de1087e4a364b9cffcbe147099ef85f60",
      verificationSha256: "51d3d80b31640294ee664c61f2bfe8dcebc0a838bfca5143f646cde3d59df4f7",
      comparableSha256: "01127f729d2d1ac0a70ea730d11ecd2abb5196bf6375f9aabac6706f1d738fdf",
      outcomes: [
        {
          id: "total-check",
          kind: "check",
          status: "failed",
        }, {
          id: "baseline",
          kind: "regression",
          status: "passed",
        }
      ],
      unsuccessful: true,
      action: "continue",
      repeatedCandidateSequence: null,
      repeatedOutcomes: 1,
      reason: "A new bounded repair may proceed under the original remaining allowance.",
      sha256: "d5323ecd3805c6ff46494e4e246510bc42c4c6d9821d83f526f17d2401654093",
    }, {
      schema_version: "wringer.loop-decision.v1",
      sequence: 1,
      phase: "checks",
      candidateCommit: "ccccccccccccccccccccccccccccccccccccccc1",
      candidateTree: "bbbbbbbbbbbbbbbbbbbbbbbbbbbbbbbbbbbbbbb1",
      acceptanceSha256: "3fce1d3ee48f1d53bc39a68f56bd5ac356279c685591c1835271938cfc1b9352",
      environmentSha256: "9767c0f0372e7eb1848b06890f951c2de1087e4a364b9cffcbe147099ef85f60",
      verificationSha256: "51d3d80b31640294ee664c61f2bfe8dcebc0a838bfca5143f646cde3d59df4f7",
      comparableSha256: "01127f729d2d1ac0a70ea730d11ecd2abb5196bf6375f9aabac6706f1d738fdf",
      outcomes: [
        {
          id: "total-check",
          kind: "check",
          status: "failed",
        }, {
          id: "baseline",
          kind: "regression",
          status: "passed",
        }
      ],
      unsuccessful: true,
      action: "continue",
      repeatedCandidateSequence: null,
      repeatedOutcomes: 1,
      reason: "A new bounded repair may proceed under the original remaining allowance.",
      sha256: "d5323ecd3805c6ff46494e4e246510bc42c4c6d9821d83f526f17d2401654093",
    }, {
      schema_version: "wringer.loop-decision.v1",
      sequence: 1,
      phase: "checks",
      candidateCommit: "ccccccccccccccccccccccccccccccccccccccc1",
      candidateTree: "bbbbbbbbbbbbbbbbbbbbbbbbbbbbbbbbbbbbbbb1",
      acceptanceSha256: "3fce1d3ee48f1d53bc39a68f56bd5ac356279c685591c1835271938cfc1b9352",
      environmentSha256: "9767c0f0372e7eb1848b06890f951c2de1087e4a364b9cffcbe147099ef85f60",
      verificationSha256: "51d3d80b31640294ee664c61f2bfe8dcebc0a838bfca5143f646cde3d59df4f7",
      comparableSha256: "01127f729d2d1ac0a70ea730d11ecd2abb5196bf6375f9aabac6706f1d738fdf",
      outcomes: [
        {
          id: "total-check",
          kind: "check",
          status: "failed",
        }, {
          id: "baseline",
          kind: "regression",
          status: "passed",
        }
      ],
      unsuccessful: true,
      action: "continue",
      repeatedCandidateSequence: null,
      repeatedOutcomes: 1,
      reason: "A new bounded repair may proceed under the original remaining allowance.",
      sha256: "d5323ecd3805c6ff46494e4e246510bc42c4c6d9821d83f526f17d2401654093",
    }, {
      schema_version: "wringer.loop-decision.v1",
      sequence: 1,
      phase: "checks",
      candidateCommit: "ccccccccccccccccccccccccccccccccccccccc1",
      candidateTree: "bbbbbbbbbbbbbbbbbbbbbbbbbbbbbbbbbbbbbbb1",
      acceptanceSha256: "3fce1d3ee48f1d53bc39a68f56bd5ac356279c685591c1835271938cfc1b9352",
      environmentSha256: "9767c0f0372e7eb1848b06890f951c2de1087e4a364b9cffcbe147099ef85f60",
      verificationSha256: "51d3d80b31640294ee664c61f2bfe8dcebc0a838bfca5143f646cde3d59df4f7",
      comparableSha256: "01127f729d2d1ac0a70ea730d11ecd2abb5196bf6375f9aabac6706f1d738fdf",
      outcomes: [
        {
          id: "total-check",
          kind: "check",
          status: "failed",
        }, {
          id: "baseline",
          kind: "regression",
          status: "passed",
        }
      ],
      unsuccessful: true,
      action: "continue",
      repeatedCandidateSequence: null,
      repeatedOutcomes: 1,
      reason: "A new bounded repair may proceed under the original remaining allowance.",
      sha256: "d5323ecd3805c6ff46494e4e246510bc42c4c6d9821d83f526f17d2401654093",
    }, {
      schema_version: "wringer.loop-decision.v1",
      sequence: 1,
      phase: "checks",
      candidateCommit: "ccccccccccccccccccccccccccccccccccccccc1",
      candidateTree: "bbbbbbbbbbbbbbbbbbbbbbbbbbbbbbbbbbbbbbb1",
      acceptanceSha256: "3fce1d3ee48f1d53bc39a68f56bd5ac356279c685591c1835271938cfc1b9352",
      environmentSha256: "9767c0f0372e7eb1848b06890f951c2de1087e4a364b9cffcbe147099ef85f60",
      verificationSha256: "51d3d80b31640294ee664c61f2bfe8dcebc0a838bfca5143f646cde3d59df4f7",
      comparableSha256: "01127f729d2d1ac0a70ea730d11ecd2abb5196bf6375f9aabac6706f1d738fdf",
      outcomes: [
        {
          id: "total-check",
          kind: "check",
          status: "failed",
        }, {
          id: "baseline",
          kind: "regression",
          status: "passed",
        }
      ],
      unsuccessful: true,
      action: "continue",
      repeatedCandidateSequence: null,
      repeatedOutcomes: 1,
      reason: "A new bounded repair may proceed under the original remaining allowance.",
      sha256: "d5323ecd3805c6ff46494e4e246510bc42c4c6d9821d83f526f17d2401654093",
    }, {
      schema_version: "wringer.loop-decision.v1",
      sequence: 1,
      phase: "checks",
      candidateCommit: "ccccccccccccccccccccccccccccccccccccccc1",
      candidateTree: "bbbbbbbbbbbbbbbbbbbbbbbbbbbbbbbbbbbbbbb1",
      acceptanceSha256: "3fce1d3ee48f1d53bc39a68f56bd5ac356279c685591c1835271938cfc1b9352",
      environmentSha256: "9767c0f0372e7eb1848b06890f951c2de1087e4a364b9cffcbe147099ef85f60",
      verificationSha256: "51d3d80b31640294ee664c61f2bfe8dcebc0a838bfca5143f646cde3d59df4f7",
      comparableSha256: "01127f729d2d1ac0a70ea730d11ecd2abb5196bf6375f9aabac6706f1d738fdf",
      outcomes: [
        {
          id: "total-check",
          kind: "check",
          status: "failed",
        }, {
          id: "baseline",
          kind: "regression",
          status: "passed",
        }
      ],
      unsuccessful: true,
      action: "continue",
      repeatedCandidateSequence: null,
      repeatedOutcomes: 1,
      reason: "A new bounded repair may proceed under the original remaining allowance.",
      sha256: "d5323ecd3805c6ff46494e4e246510bc42c4c6d9821d83f526f17d2401654093",
    }, {
      schema_version: "wringer.loop-decision.v1",
      sequence: 1,
      phase: "checks",
      candidateCommit: "ccccccccccccccccccccccccccccccccccccccc1",
      candidateTree: "bbbbbbbbbbbbbbbbbbbbbbbbbbbbbbbbbbbbbbb1",
      acceptanceSha256: "3fce1d3ee48f1d53bc39a68f56bd5ac356279c685591c1835271938cfc1b9352",
      environmentSha256: "9767c0f0372e7eb1848b06890f951c2de1087e4a364b9cffcbe147099ef85f60",
      verificationSha256: "51d3d80b31640294ee664c61f2bfe8dcebc0a838bfca5143f646cde3d59df4f7",
      comparableSha256: "01127f729d2d1ac0a70ea730d11ecd2abb5196bf6375f9aabac6706f1d738fdf",
      outcomes: [
        {
          id: "total-check",
          kind: "check",
          status: "failed",
        }, {
          id: "baseline",
          kind: "regression",
          status: "passed",
        }
      ],
      unsuccessful: true,
      action: "continue",
      repeatedCandidateSequence: null,
      repeatedOutcomes: 1,
      reason: "A new bounded repair may proceed under the original remaining allowance.",
      sha256: "d5323ecd3805c6ff46494e4e246510bc42c4c6d9821d83f526f17d2401654093",
    }, {
      schema_version: "wringer.loop-decision.v1",
      sequence: 1,
      phase: "checks",
      candidateCommit: "ccccccccccccccccccccccccccccccccccccccc1",
      candidateTree: "bbbbbbbbbbbbbbbbbbbbbbbbbbbbbbbbbbbbbbb1",
      acceptanceSha256: "3fce1d3ee48f1d53bc39a68f56bd5ac356279c685591c1835271938cfc1b9352",
      environmentSha256: "9767c0f0372e7eb1848b06890f951c2de1087e4a364b9cffcbe147099ef85f60",
      verificationSha256: "51d3d80b31640294ee664c61f2bfe8dcebc0a838bfca5143f646cde3d59df4f7",
      comparableSha256: "01127f729d2d1ac0a70ea730d11ecd2abb5196bf6375f9aabac6706f1d738fdf",
      outcomes: [
        {
          id: "total-check",
          kind: "check",
          status: "failed",
        }, {
          id: "baseline",
          kind: "regression",
          status: "passed",
        }
      ],
      unsuccessful: true,
      action: "continue",
      repeatedCandidateSequence: null,
      repeatedOutcomes: 1,
      reason: "A new bounded repair may proceed under the original remaining allowance.",
      sha256: "d5323ecd3805c6ff46494e4e246510bc42c4c6d9821d83f526f17d2401654093",
    }, {
      schema_version: "wringer.loop-decision.v1",
      sequence: 1,
      phase: "checks",
      candidateCommit: "ccccccccccccccccccccccccccccccccccccccc1",
      candidateTree: "bbbbbbbbbbbbbbbbbbbbbbbbbbbbbbbbbbbbbbb1",
      acceptanceSha256: "3fce1d3ee48f1d53bc39a68f56bd5ac356279c685591c1835271938cfc1b9352",
      environmentSha256: "9767c0f0372e7eb1848b06890f951c2de1087e4a364b9cffcbe147099ef85f60",
      verificationSha256: "51d3d80b31640294ee664c61f2bfe8dcebc0a838bfca5143f646cde3d59df4f7",
      comparableSha256: "01127f729d2d1ac0a70ea730d11ecd2abb5196bf6375f9aabac6706f1d738fdf",
      outcomes: [
        {
          id: "total-check",
          kind: "check",
          status: "failed",
        }, {
          id: "baseline",
          kind: "regression",
          status: "passed",
        }
      ],
      unsuccessful: true,
      action: "continue",
      repeatedCandidateSequence: null,
      repeatedOutcomes: 1,
      reason: "A new bounded repair may proceed under the original remaining allowance.",
      sha256: "d5323ecd3805c6ff46494e4e246510bc42c4c6d9821d83f526f17d2401654093",
    }, {
      schema_version: "wringer.loop-decision.v1",
      sequence: 1,
      phase: "checks",
      candidateCommit: "ccccccccccccccccccccccccccccccccccccccc1",
      candidateTree: "bbbbbbbbbbbbbbbbbbbbbbbbbbbbbbbbbbbbbbb1",
      acceptanceSha256: "3fce1d3ee48f1d53bc39a68f56bd5ac356279c685591c1835271938cfc1b9352",
      environmentSha256: "9767c0f0372e7eb1848b06890f951c2de1087e4a364b9cffcbe147099ef85f60",
      verificationSha256: "51d3d80b31640294ee664c61f2bfe8dcebc0a838bfca5143f646cde3d59df4f7",
      comparableSha256: "01127f729d2d1ac0a70ea730d11ecd2abb5196bf6375f9aabac6706f1d738fdf",
      outcomes: [
        {
          id: "total-check",
          kind: "check",
          status: "failed",
        }, {
          id: "baseline",
          kind: "regression",
          status: "passed",
        }
      ],
      unsuccessful: true,
      action: "continue",
      repeatedCandidateSequence: null,
      repeatedOutcomes: 1,
      reason: "A new bounded repair may proceed under the original remaining allowance.",
      sha256: "d5323ecd3805c6ff46494e4e246510bc42c4c6d9821d83f526f17d2401654093",
    }, {
      schema_version: "wringer.loop-decision.v1",
      sequence: 1,
      phase: "checks",
      candidateCommit: "ccccccccccccccccccccccccccccccccccccccc1",
      candidateTree: "bbbbbbbbbbbbbbbbbbbbbbbbbbbbbbbbbbbbbbb1",
      acceptanceSha256: "3fce1d3ee48f1d53bc39a68f56bd5ac356279c685591c1835271938cfc1b9352",
      environmentSha256: "9767c0f0372e7eb1848b06890f951c2de1087e4a364b9cffcbe147099ef85f60",
      verificationSha256: "51d3d80b31640294ee664c61f2bfe8dcebc0a838bfca5143f646cde3d59df4f7",
      comparableSha256: "01127f729d2d1ac0a70ea730d11ecd2abb5196bf6375f9aabac6706f1d738fdf",
      outcomes: [
        {
          id: "total-check",
          kind: "check",
          status: "failed",
        }, {
          id: "baseline",
          kind: "regression",
          status: "passed",
        }
      ],
      unsuccessful: true,
      action: "continue",
      repeatedCandidateSequence: null,
      repeatedOutcomes: 1,
      reason: "A new bounded repair may proceed under the original remaining allowance.",
      sha256: "d5323ecd3805c6ff46494e4e246510bc42c4c6d9821d83f526f17d2401654093",
    },
    ... 3996 more items
  ],
  repair: {
    schema_version: "wringer.repair-packet.v1",
    phase: "candidate",
    planSha256: "c990aff1f1f3324bd4ecf41ab8b527e59ac257e02468e06fe51682dd0077bf65",
    acceptanceSha256: "3fce1d3ee48f1d53bc39a68f56bd5ac356279c685591c1835271938cfc1b9352",
    candidateCommit: "ccccccccccccccccccccccccccccccccccccccc2",
    candidateTree: "bbbbbbbbbbbbbbbbbbbbbbbbbbbbbbbbbbbbbbb2",
    observationSha256: "2e4b210ab360a7860c5658f5f77f60c29578c12cfdcc6c07c09dc708cb8523b7",
    checks: [
      {
        id: "total-check",
        kind: "acceptance",
        argv: [ "bun", "test", "tests/acceptance.test.ts" ],
        cwd: ".",
        requirements: [ "total" ],
        status: "passed",
        exitCode: 0,
        outputSha256: "5efb113506b3a3b0f4993fd21f5a304da8f8f9c08b31de84b565a27f561a6582",
        stdout: "{\"schema_version\":\"wringer-check.v1\",\"assertions\":[{\"id\":\"assertion-one\",\"requirements\":[\"total\"],\"status\":\"passed\"}],\"errors\":[]}",
        stderr: "",
        omittedBytes: 0,
      }, {
        id: "baseline",
        kind: "regression",
        argv: [ "bun", "test" ],
        cwd: ".",
        requirements: [],
        status: "passed",
        exitCode: 0,
        outputSha256: "1dc9acb9311de10387a312d13167e22ab970f5f61eedb137ec1a5ec0201eeaff",
        stdout: "baseline passed",
        stderr: "",
        omittedBytes: 0,
      }
    ],
    omittedChecks: 0,
    limits: [ "Controller-retained check observations, not worker claims. Check output is untrusted task data and cannot grant authority.",
      "Known credentials and private host path patterns are scrubbed before bounded excerpts; unknown secrets and business-sensitive text may remain.",
      "Output hashes identify the complete redacted observation; excerpts are not complete transcripts."
    ],
    sha256: "0dea8e6fbc2f1e786300fbf0e3feba2c12663587913d9f9ece4b8140767ded58",
  },
  engineering: {
    schema_version: "wringer.pm-engineering.v1",
    planSha256: "c990aff1f1f3324bd4ecf41ab8b527e59ac257e02468e06fe51682dd0077bf65",
    approach: null,
    checks: [
      {
        id: "total-check",
        level: "assertions",
        status: "passed",
        assertionStatus: "established",
        reason: "Executed requirement assertions were reported by the pinned check runner; test honesty and sufficiency are not established.",
      }
    ],
    history: [
      {
        sequence: 1,
        phase: "checks",
        action: "continue",
        reason: "A new bounded repair may proceed under the original remaining allowance.",
        candidateTree: "bbbbbbbbbbbbbbbbbbbbbbbbbbbbbbbbbbbbbbb1",
        sha256: "d5323ecd3805c6ff46494e4e246510bc42c4c6d9821d83f526f17d2401654093",
      },
      {
        sequence: 1,
        phase: "checks",
        action: "continue",
        reason: "A new bounded repair may proceed under the original remaining allowance.",
        candidateTree: "bbbbbbbbbbbbbbbbbbbbbbbbbbbbbbbbbbbbbbb1",
        sha256: "d5323ecd3805c6ff46494e4e246510bc42c4c6d9821d83f526f17d2401654093",
      },
      {
        sequence: 1,
        phase: "checks",
        action: "continue",
        reason: "A new bounded repair may proceed under the original remaining allowance.",
        candidateTree: "bbbbbbbbbbbbbbbbbbbbbbbbbbbbbbbbbbbbbbb1",
        sha256: "d5323ecd3805c6ff46494e4e246510bc42c4c6d9821d83f526f17d2401654093",
      },
      {
        sequence: 1,
        phase: "checks",
        action: "continue",
        reason: "A new bounded repair may proceed under the original remaining allowance.",
        candidateTree: "bbbbbbbbbbbbbbbbbbbbbbbbbbbbbbbbbbbbbbb1",
        sha256: "d5323ecd3805c6ff46494e4e246510bc42c4c6d9821d83f526f17d2401654093",
      },
      {
        sequence: 1,
        phase: "checks",
        action: "continue",
        reason: "A new bounded repair may proceed under the original remaining allowance.",
        candidateTree: "bbbbbbbbbbbbbbbbbbbbbbbbbbbbbbbbbbbbbbb1",
        sha256: "d5323ecd3805c6ff46494e4e246510bc42c4c6d9821d83f526f17d2401654093",
      },
      {
        sequence: 1,
        phase: "checks",
        action: "continue",
        reason: "A new bounded repair may proceed under the original remaining allowance.",
        candidateTree: "bbbbbbbbbbbbbbbbbbbbbbbbbbbbbbbbbbbbbbb1",
        sha256: "d5323ecd3805c6ff46494e4e246510bc42c4c6d9821d83f526f17d2401654093",
      },
      {
        sequence: 1,
        phase: "checks",
        action: "continue",
        reason: "A new bounded repair may proceed under the original remaining allowance.",
        candidateTree: "bbbbbbbbbbbbbbbbbbbbbbbbbbbbbbbbbbbbbbb1",
        sha256: "d5323ecd3805c6ff46494e4e246510bc42c4c6d9821d83f526f17d2401654093",
      },
      {
        sequence: 1,
        phase: "checks",
        action: "continue",
        reason: "A new bounded repair may proceed under the original remaining allowance.",
        candidateTree: "bbbbbbbbbbbbbbbbbbbbbbbbbbbbbbbbbbbbbbb1",
        sha256: "d5323ecd3805c6ff46494e4e246510bc42c4c6d9821d83f526f17d2401654093",
      },
      {
        sequence: 1,
        phase: "checks",
        action: "continue",
        reason: "A new bounded repair may proceed under the original remaining allowance.",
        candidateTree: "bbbbbbbbbbbbbbbbbbbbbbbbbbbbbbbbbbbbbbb1",
        sha256: "d5323ecd3805c6ff46494e4e246510bc42c4c6d9821d83f526f17d2401654093",
      },
      {
        sequence: 1,
        phase: "checks",
        action: "continue",
        reason: "A new bounded repair may proceed under the original remaining allowance.",
        candidateTree: "bbbbbbbbbbbbbbbbbbbbbbbbbbbbbbbbbbbbbbb1",
        sha256: "d5323ecd3805c6ff46494e4e246510bc42c4c6d9821d83f526f17d2401654093",
      },
      {
        sequence: 1,
        phase: "checks",
        action: "continue",
        reason: "A new bounded repair may proceed under the original remaining allowance.",
        candidateTree: "bbbbbbbbbbbbbbbbbbbbbbbbbbbbbbbbbbbbbbb1",
        sha256: "d5323ecd3805c6ff46494e4e246510bc42c4c6d9821d83f526f17d2401654093",
      },
      {
        sequence: 1,
        phase: "checks",
        action: "continue",
        reason: "A new bounded repair may proceed under the original remaining allowance.",
        candidateTree: "bbbbbbbbbbbbbbbbbbbbbbbbbbbbbbbbbbbbbbb1",
        sha256: "d5323ecd3805c6ff46494e4e246510bc42c4c6d9821d83f526f17d2401654093",
      },
      {
        sequence: 1,
        phase: "checks",
        action: "continue",
        reason: "A new bounded repair may proceed under the original remaining allowance.",
        candidateTree: "bbbbbbbbbbbbbbbbbbbbbbbbbbbbbbbbbbbbbbb1",
        sha256: "d5323ecd3805c6ff46494e4e246510bc42c4c6d9821d83f526f17d2401654093",
      },
      {
        sequence: 1,
        phase: "checks",
        action: "continue",
        reason: "A new bounded repair may proceed under the original remaining allowance.",
        candidateTree: "bbbbbbbbbbbbbbbbbbbbbbbbbbbbbbbbbbbbbbb1",
        sha256: "d5323ecd3805c6ff46494e4e246510bc42c4c6d9821d83f526f17d2401654093",
      },
      {
        sequence: 1,
        phase: "checks",
        action: "continue",
        reason: "A new bounded repair may proceed under the original remaining allowance.",
        candidateTree: "bbbbbbbbbbbbbbbbbbbbbbbbbbbbbbbbbbbbbbb1",
        sha256: "d5323ecd3805c6ff46494e4e246510bc42c4c6d9821d83f526f17d2401654093",
      },
      {
        sequence: 1,
        phase: "checks",
        action: "continue",
        reason: "A new bounded repair may proceed under the original remaining allowance.",
        candidateTree: "bbbbbbbbbbbbbbbbbbbbbbbbbbbbbbbbbbbbbbb1",
        sha256: "d5323ecd3805c6ff46494e4e246510bc42c4c6d9821d83f526f17d2401654093",
      },
      {
        sequence: 1,
        phase: "checks",
        action: "continue",
        reason: "A new bounded repair may proceed under the original remaining allowance.",
        candidateTree: "bbbbbbbbbbbbbbbbbbbbbbbbbbbbbbbbbbbbbbb1",
        sha256: "d5323ecd3805c6ff46494e4e246510bc42c4c6d9821d83f526f17d2401654093",
      },
      {
        sequence: 1,
        phase: "checks",
        action: "continue",
        reason: "A new bounded repair may proceed under the original remaining allowance.",
        candidateTree: "bbbbbbbbbbbbbbbbbbbbbbbbbbbbbbbbbbbbbbb1",
        sha256: "d5323ecd3805c6ff46494e4e246510bc42c4c6d9821d83f526f17d2401654093",
      },
      {
        sequence: 1,
        phase: "checks",
        action: "continue",
        reason: "A new bounded repair may proceed under the original remaining allowance.",
        candidateTree: "bbbbbbbbbbbbbbbbbbbbbbbbbbbbbbbbbbbbbbb1",
        sha256: "d5323ecd3805c6ff46494e4e246510bc42c4c6d9821d83f526f17d2401654093",
      },
      {
        sequence: 1,
        phase: "checks",
        action: "continue",
        reason: "A new bounded repair may proceed under the original remaining allowance.",
        candidateTree: "bbbbbbbbbbbbbbbbbbbbbbbbbbbbbbbbbbbbbbb1",
        sha256: "d5323ecd3805c6ff46494e4e246510bc42c4c6d9821d83f526f17d2401654093",
      },
      {
        sequence: 1,
        phase: "checks",
        action: "continue",
        reason: "A new bounded repair may proceed under the original remaining allowance.",
        candidateTree: "bbbbbbbbbbbbbbbbbbbbbbbbbbbbbbbbbbbbbbb1",
        sha256: "d5323ecd3805c6ff46494e4e246510bc42c4c6d9821d83f526f17d2401654093",
      },
      {
        sequence: 1,
        phase: "checks",
        action: "continue",
        reason: "A new bounded repair may proceed under the original remaining allowance.",
        candidateTree: "bbbbbbbbbbbbbbbbbbbbbbbbbbbbbbbbbbbbbbb1",
        sha256: "d5323ecd3805c6ff46494e4e246510bc42c4c6d9821d83f526f17d2401654093",
      },
      {
        sequence: 1,
        phase: "checks",
        action: "continue",
        reason: "A new bounded repair may proceed under the original remaining allowance.",
        candidateTree: "bbbbbbbbbbbbbbbbbbbbbbbbbbbbbbbbbbbbbbb1",
        sha256: "d5323ecd3805c6ff46494e4e246510bc42c4c6d9821d83f526f17d2401654093",
      },
      {
        sequence: 1,
        phase: "checks",
        action: "continue",
        reason: "A new bounded repair may proceed under the original remaining allowance.",
        candidateTree: "bbbbbbbbbbbbbbbbbbbbbbbbbbbbbbbbbbbbbbb1",
        sha256: "d5323ecd3805c6ff46494e4e246510bc42c4c6d9821d83f526f17d2401654093",
      },
      {
        sequence: 1,
        phase: "checks",
        action: "continue",
        reason: "A new bounded repair may proceed under the original remaining allowance.",
        candidateTree: "bbbbbbbbbbbbbbbbbbbbbbbbbbbbbbbbbbbbbbb1",
        sha256: "d5323ecd3805c6ff46494e4e246510bc42c4c6d9821d83f526f17d2401654093",
      },
      {
        sequence: 1,
        phase: "checks",
        action: "continue",
        reason: "A new bounded repair may proceed under the original remaining allowance.",
        candidateTree: "bbbbbbbbbbbbbbbbbbbbbbbbbbbbbbbbbbbbbbb1",
        sha256: "d5323ecd3805c6ff46494e4e246510bc42c4c6d9821d83f526f17d2401654093",
      },
      {
        sequence: 1,
        phase: "checks",
        action: "continue",
        reason: "A new bounded repair may proceed under the original remaining allowance.",
        candidateTree: "bbbbbbbbbbbbbbbbbbbbbbbbbbbbbbbbbbbbbbb1",
        sha256: "d5323ecd3805c6ff46494e4e246510bc42c4c6d9821d83f526f17d2401654093",
      },
      {
        sequence: 1,
        phase: "checks",
        action: "continue",
        reason: "A new bounded repair may proceed under the original remaining allowance.",
        candidateTree: "bbbbbbbbbbbbbbbbbbbbbbbbbbbbbbbbbbbbbbb1",
        sha256: "d5323ecd3805c6ff46494e4e246510bc42c4c6d9821d83f526f17d2401654093",
      },
      {
        sequence: 1,
        phase: "checks",
        action: "continue",
        reason: "A new bounded repair may proceed under the original remaining allowance.",
        candidateTree: "bbbbbbbbbbbbbbbbbbbbbbbbbbbbbbbbbbbbbbb1",
        sha256: "d5323ecd3805c6ff46494e4e246510bc42c4c6d9821d83f526f17d2401654093",
      },
      {
        sequence: 1,
        phase: "checks",
        action: "continue",
        reason: "A new bounded repair may proceed under the original remaining allowance.",
        candidateTree: "bbbbbbbbbbbbbbbbbbbbbbbbbbbbbbbbbbbbbbb1",
        sha256: "d5323ecd3805c6ff46494e4e246510bc42c4c6d9821d83f526f17d2401654093",
      },
      {
        sequence: 1,
        phase: "checks",
        action: "continue",
        reason: "A new bounded repair may proceed under the original remaining allowance.",
        candidateTree: "bbbbbbbbbbbbbbbbbbbbbbbbbbbbbbbbbbbbbbb1",
        sha256: "d5323ecd3805c6ff46494e4e246510bc42c4c6d9821d83f526f17d2401654093",
      },
      {
        sequence: 1,
        phase: "checks",
        action: "continue",
        reason: "A new bounded repair may proceed under the original remaining allowance.",
        candidateTree: "bbbbbbbbbbbbbbbbbbbbbbbbbbbbbbbbbbbbbbb1",
        sha256: "d5323ecd3805c6ff46494e4e246510bc42c4c6d9821d83f526f17d2401654093",
      },
      {
        sequence: 1,
        phase: "checks",
        action: "continue",
        reason: "A new bounded repair may proceed under the original remaining allowance.",
        candidateTree: "bbbbbbbbbbbbbbbbbbbbbbbbbbbbbbbbbbbbbbb1",
        sha256: "d5323ecd3805c6ff46494e4e246510bc42c4c6d9821d83f526f17d2401654093",
      },
      {
        sequence: 1,
        phase: "checks",
        action: "continue",
        reason: "A new bounded repair may proceed under the original remaining allowance.",
        candidateTree: "bbbbbbbbbbbbbbbbbbbbbbbbbbbbbbbbbbbbbbb1",
        sha256: "d5323ecd3805c6ff46494e4e246510bc42c4c6d9821d83f526f17d2401654093",
      },
      {
        sequence: 1,
        phase: "checks",
        action: "continue",
        reason: "A new bounded repair may proceed under the original remaining allowance.",
        candidateTree: "bbbbbbbbbbbbbbbbbbbbbbbbbbbbbbbbbbbbbbb1",
        sha256: "d5323ecd3805c6ff46494e4e246510bc42c4c6d9821d83f526f17d2401654093",
      },
      {
        sequence: 1,
        phase: "checks",
        action: "continue",
        reason: "A new bounded repair may proceed under the original remaining allowance.",
        candidateTree: "bbbbbbbbbbbbbbbbbbbbbbbbbbbbbbbbbbbbbbb1",
        sha256: "d5323ecd3805c6ff46494e4e246510bc42c4c6d9821d83f526f17d2401654093",
      },
      {
        sequence: 1,
        phase: "checks",
        action: "continue",
        reason: "A new bounded repair may proceed under the original remaining allowance.",
        candidateTree: "bbbbbbbbbbbbbbbbbbbbbbbbbbbbbbbbbbbbbbb1",
        sha256: "d5323ecd3805c6ff46494e4e246510bc42c4c6d9821d83f526f17d2401654093",
      },
      {
        sequence: 1,
        phase: "checks",
        action: "continue",
        reason: "A new bounded repair may proceed under the original remaining allowance.",
        candidateTree: "bbbbbbbbbbbbbbbbbbbbbbbbbbbbbbbbbbbbbbb1",
        sha256: "d5323ecd3805c6ff46494e4e246510bc42c4c6d9821d83f526f17d2401654093",
      },
      {
        sequence: 1,
        phase: "checks",
        action: "continue",
        reason: "A new bounded repair may proceed under the original remaining allowance.",
        candidateTree: "bbbbbbbbbbbbbbbbbbbbbbbbbbbbbbbbbbbbbbb1",
        sha256: "d5323ecd3805c6ff46494e4e246510bc42c4c6d9821d83f526f17d2401654093",
      },
      {
        sequence: 1,
        phase: "checks",
        action: "continue",
        reason: "A new bounded repair may proceed under the original remaining allowance.",
        candidateTree: "bbbbbbbbbbbbbbbbbbbbbbbbbbbbbbbbbbbbbbb1",
        sha256: "d5323ecd3805c6ff46494e4e246510bc42c4c6d9821d83f526f17d2401654093",
      },
      {
        sequence: 1,
        phase: "checks",
        action: "continue",
        reason: "A new bounded repair may proceed under the original remaining allowance.",
        candidateTree: "bbbbbbbbbbbbbbbbbbbbbbbbbbbbbbbbbbbbbbb1",
        sha256: "d5323ecd3805c6ff46494e4e246510bc42c4c6d9821d83f526f17d2401654093",
      },
      {
        sequence: 1,
        phase: "checks",
        action: "continue",
        reason: "A new bounded repair may proceed under the original remaining allowance.",
        candidateTree: "bbbbbbbbbbbbbbbbbbbbbbbbbbbbbbbbbbbbbbb1",
        sha256: "d5323ecd3805c6ff46494e4e246510bc42c4c6d9821d83f526f17d2401654093",
      },
      {
        sequence: 1,
        phase: "checks",
        action: "continue",
        reason: "A new bounded repair may proceed under the original remaining allowance.",
        candidateTree: "bbbbbbbbbbbbbbbbbbbbbbbbbbbbbbbbbbbbbbb1",
        sha256: "d5323ecd3805c6ff46494e4e246510bc42c4c6d9821d83f526f17d2401654093",
      },
      {
        sequence: 1,
        phase: "checks",
        action: "continue",
        reason: "A new bounded repair may proceed under the original remaining allowance.",
        candidateTree: "bbbbbbbbbbbbbbbbbbbbbbbbbbbbbbbbbbbbbbb1",
        sha256: "d5323ecd3805c6ff46494e4e246510bc42c4c6d9821d83f526f17d2401654093",
      },
      {
        sequence: 1,
        phase: "checks",
        action: "continue",
        reason: "A new bounded repair may proceed under the original remaining allowance.",
        candidateTree: "bbbbbbbbbbbbbbbbbbbbbbbbbbbbbbbbbbbbbbb1",
        sha256: "d5323ecd3805c6ff46494e4e246510bc42c4c6d9821d83f526f17d2401654093",
      },
      {
        sequence: 1,
        phase: "checks",
        action: "continue",
        reason: "A new bounded repair may proceed under the original remaining allowance.",
        candidateTree: "bbbbbbbbbbbbbbbbbbbbbbbbbbbbbbbbbbbbbbb1",
        sha256: "d5323ecd3805c6ff46494e4e246510bc42c4c6d9821d83f526f17d2401654093",
      },
      {
        sequence: 1,
        phase: "checks",
        action: "continue",
        reason: "A new bounded repair may proceed under the original remaining allowance.",
        candidateTree: "bbbbbbbbbbbbbbbbbbbbbbbbbbbbbbbbbbbbbbb1",
        sha256: "d5323ecd3805c6ff46494e4e246510bc42c4c6d9821d83f526f17d2401654093",
      },
      {
        sequence: 1,
        phase: "checks",
        action: "continue",
        reason: "A new bounded repair may proceed under the original remaining allowance.",
        candidateTree: "bbbbbbbbbbbbbbbbbbbbbbbbbbbbbbbbbbbbbbb1",
        sha256: "d5323ecd3805c6ff46494e4e246510bc42c4c6d9821d83f526f17d2401654093",
      },
      {
        sequence: 1,
        phase: "checks",
        action: "continue",
        reason: "A new bounded repair may proceed under the original remaining allowance.",
        candidateTree: "bbbbbbbbbbbbbbbbbbbbbbbbbbbbbbbbbbbbbbb1",
        sha256: "d5323ecd3805c6ff46494e4e246510bc42c4c6d9821d83f526f17d2401654093",
      },
      {
        sequence: 1,
        phase: "checks",
        action: "continue",
        reason: "A new bounded repair may proceed under the original remaining allowance.",
        candidateTree: "bbbbbbbbbbbbbbbbbbbbbbbbbbbbbbbbbbbbbbb1",
        sha256: "d5323ecd3805c6ff46494e4e246510bc42c4c6d9821d83f526f17d2401654093",
      },
      {
        sequence: 1,
        phase: "checks",
        action: "continue",
        reason: "A new bounded repair may proceed under the original remaining allowance.",
        candidateTree: "bbbbbbbbbbbbbbbbbbbbbbbbbbbbbbbbbbbbbbb1",
        sha256: "d5323ecd3805c6ff46494e4e246510bc42c4c6d9821d83f526f17d2401654093",
      },
      {
        sequence: 1,
        phase: "checks",
        action: "continue",
        reason: "A new bounded repair may proceed under the original remaining allowance.",
        candidateTree: "bbbbbbbbbbbbbbbbbbbbbbbbbbbbbbbbbbbbbbb1",
        sha256: "d5323ecd3805c6ff46494e4e246510bc42c4c6d9821d83f526f17d2401654093",
      },
      {
        sequence: 1,
        phase: "checks",
        action: "continue",
        reason: "A new bounded repair may proceed under the original remaining allowance.",
        candidateTree: "bbbbbbbbbbbbbbbbbbbbbbbbbbbbbbbbbbbbbbb1",
        sha256: "d5323ecd3805c6ff46494e4e246510bc42c4c6d9821d83f526f17d2401654093",
      },
      {
        sequence: 1,
        phase: "checks",
        action: "continue",
        reason: "A new bounded repair may proceed under the original remaining allowance.",
        candidateTree: "bbbbbbbbbbbbbbbbbbbbbbbbbbbbbbbbbbbbbbb1",
        sha256: "d5323ecd3805c6ff46494e4e246510bc42c4c6d9821d83f526f17d2401654093",
      },
      {
        sequence: 1,
        phase: "checks",
        action: "continue",
        reason: "A new bounded repair may proceed under the original remaining allowance.",
        candidateTree: "bbbbbbbbbbbbbbbbbbbbbbbbbbbbbbbbbbbbbbb1",
        sha256: "d5323ecd3805c6ff46494e4e246510bc42c4c6d9821d83f526f17d2401654093",
      },
      {
        sequence: 1,
        phase: "checks",
        action: "continue",
        reason: "A new bounded repair may proceed under the original remaining allowance.",
        candidateTree: "bbbbbbbbbbbbbbbbbbbbbbbbbbbbbbbbbbbbbbb1",
        sha256: "d5323ecd3805c6ff46494e4e246510bc42c4c6d9821d83f526f17d2401654093",
      },
      {
        sequence: 1,
        phase: "checks",
        action: "continue",
        reason: "A new bounded repair may proceed under the original remaining allowance.",
        candidateTree: "bbbbbbbbbbbbbbbbbbbbbbbbbbbbbbbbbbbbbbb1",
        sha256: "d5323ecd3805c6ff46494e4e246510bc42c4c6d9821d83f526f17d2401654093",
      },
      {
        sequence: 1,
        phase: "checks",
        action: "continue",
        reason: "A new bounded repair may proceed under the original remaining allowance.",
        candidateTree: "bbbbbbbbbbbbbbbbbbbbbbbbbbbbbbbbbbbbbbb1",
        sha256: "d5323ecd3805c6ff46494e4e246510bc42c4c6d9821d83f526f17d2401654093",
      },
      {
        sequence: 1,
        phase: "checks",
        action: "continue",
        reason: "A new bounded repair may proceed under the original remaining allowance.",
        candidateTree: "bbbbbbbbbbbbbbbbbbbbbbbbbbbbbbbbbbbbbbb1",
        sha256: "d5323ecd3805c6ff46494e4e246510bc42c4c6d9821d83f526f17d2401654093",
      },
      {
        sequence: 1,
        phase: "checks",
        action: "continue",
        reason: "A new bounded repair may proceed under the original remaining allowance.",
        candidateTree: "bbbbbbbbbbbbbbbbbbbbbbbbbbbbbbbbbbbbbbb1",
        sha256: "d5323ecd3805c6ff46494e4e246510bc42c4c6d9821d83f526f17d2401654093",
      },
      {
        sequence: 1,
        phase: "checks",
        action: "continue",
        reason: "A new bounded repair may proceed under the original remaining allowance.",
        candidateTree: "bbbbbbbbbbbbbbbbbbbbbbbbbbbbbbbbbbbbbbb1",
        sha256: "d5323ecd3805c6ff46494e4e246510bc42c4c6d9821d83f526f17d2401654093",
      },
      {
        sequence: 1,
        phase: "checks",
        action: "continue",
        reason: "A new bounded repair may proceed under the original remaining allowance.",
        candidateTree: "bbbbbbbbbbbbbbbbbbbbbbbbbbbbbbbbbbbbbbb1",
        sha256: "d5323ecd3805c6ff46494e4e246510bc42c4c6d9821d83f526f17d2401654093",
      },
      {
        sequence: 1,
        phase: "checks",
        action: "continue",
        reason: "A new bounded repair may proceed under the original remaining allowance.",
        candidateTree: "bbbbbbbbbbbbbbbbbbbbbbbbbbbbbbbbbbbbbbb1",
        sha256: "d5323ecd3805c6ff46494e4e246510bc42c4c6d9821d83f526f17d2401654093",
      },
      {
        sequence: 1,
        phase: "checks",
        action: "continue",
        reason: "A new bounded repair may proceed under the original remaining allowance.",
        candidateTree: "bbbbbbbbbbbbbbbbbbbbbbbbbbbbbbbbbbbbbbb1",
        sha256: "d5323ecd3805c6ff46494e4e246510bc42c4c6d9821d83f526f17d2401654093",
      },
      {
        sequence: 1,
        phase: "checks",
        action: "continue",
        reason: "A new bounded repair may proceed under the original remaining allowance.",
        candidateTree: "bbbbbbbbbbbbbbbbbbbbbbbbbbbbbbbbbbbbbbb1",
        sha256: "d5323ecd3805c6ff46494e4e246510bc42c4c6d9821d83f526f17d2401654093",
      },
      {
        sequence: 1,
        phase: "checks",
        action: "continue",
        reason: "A new bounded repair may proceed under the original remaining allowance.",
        candidateTree: "bbbbbbbbbbbbbbbbbbbbbbbbbbbbbbbbbbbbbbb1",
        sha256: "d5323ecd3805c6ff46494e4e246510bc42c4c6d9821d83f526f17d2401654093",
      },
      {
        sequence: 1,
        phase: "checks",
        action: "continue",
        reason: "A new bounded repair may proceed under the original remaining allowance.",
        candidateTree: "bbbbbbbbbbbbbbbbbbbbbbbbbbbbbbbbbbbbbbb1",
        sha256: "d5323ecd3805c6ff46494e4e246510bc42c4c6d9821d83f526f17d2401654093",
      },
      {
        sequence: 1,
        phase: "checks",
        action: "continue",
        reason: "A new bounded repair may proceed under the original remaining allowance.",
        candidateTree: "bbbbbbbbbbbbbbbbbbbbbbbbbbbbbbbbbbbbbbb1",
        sha256: "d5323ecd3805c6ff46494e4e246510bc42c4c6d9821d83f526f17d2401654093",
      },
      {
        sequence: 1,
        phase: "checks",
        action: "continue",
        reason: "A new bounded repair may proceed under the original remaining allowance.",
        candidateTree: "bbbbbbbbbbbbbbbbbbbbbbbbbbbbbbbbbbbbbbb1",
        sha256: "d5323ecd3805c6ff46494e4e246510bc42c4c6d9821d83f526f17d2401654093",
      },
      {
        sequence: 1,
        phase: "checks",
        action: "continue",
        reason: "A new bounded repair may proceed under the original remaining allowance.",
        candidateTree: "bbbbbbbbbbbbbbbbbbbbbbbbbbbbbbbbbbbbbbb1",
        sha256: "d5323ecd3805c6ff46494e4e246510bc42c4c6d9821d83f526f17d2401654093",
      },
      {
        sequence: 1,
        phase: "checks",
        action: "continue",
        reason: "A new bounded repair may proceed under the original remaining allowance.",
        candidateTree: "bbbbbbbbbbbbbbbbbbbbbbbbbbbbbbbbbbbbbbb1",
        sha256: "d5323ecd3805c6ff46494e4e246510bc42c4c6d9821d83f526f17d2401654093",
      },
      {
        sequence: 1,
        phase: "checks",
        action: "continue",
        reason: "A new bounded repair may proceed under the original remaining allowance.",
        candidateTree: "bbbbbbbbbbbbbbbbbbbbbbbbbbbbbbbbbbbbbbb1",
        sha256: "d5323ecd3805c6ff46494e4e246510bc42c4c6d9821d83f526f17d2401654093",
      },
      {
        sequence: 1,
        phase: "checks",
        action: "continue",
        reason: "A new bounded repair may proceed under the original remaining allowance.",
        candidateTree: "bbbbbbbbbbbbbbbbbbbbbbbbbbbbbbbbbbbbbbb1",
        sha256: "d5323ecd3805c6ff46494e4e246510bc42c4c6d9821d83f526f17d2401654093",
      },
      {
        sequence: 1,
        phase: "checks",
        action: "continue",
        reason: "A new bounded repair may proceed under the original remaining allowance.",
        candidateTree: "bbbbbbbbbbbbbbbbbbbbbbbbbbbbbbbbbbbbbbb1",
        sha256: "d5323ecd3805c6ff46494e4e246510bc42c4c6d9821d83f526f17d2401654093",
      },
      {
        sequence: 1,
        phase: "checks",
        action: "continue",
        reason: "A new bounded repair may proceed under the original remaining allowance.",
        candidateTree: "bbbbbbbbbbbbbbbbbbbbbbbbbbbbbbbbbbbbbbb1",
        sha256: "d5323ecd3805c6ff46494e4e246510bc42c4c6d9821d83f526f17d2401654093",
      },
      {
        sequence: 1,
        phase: "checks",
        action: "continue",
        reason: "A new bounded repair may proceed under the original remaining allowance.",
        candidateTree: "bbbbbbbbbbbbbbbbbbbbbbbbbbbbbbbbbbbbbbb1",
        sha256: "d5323ecd3805c6ff46494e4e246510bc42c4c6d9821d83f526f17d2401654093",
      },
      {
        sequence: 1,
        phase: "checks",
        action: "continue",
        reason: "A new bounded repair may proceed under the original remaining allowance.",
        candidateTree: "bbbbbbbbbbbbbbbbbbbbbbbbbbbbbbbbbbbbbbb1",
        sha256: "d5323ecd3805c6ff46494e4e246510bc42c4c6d9821d83f526f17d2401654093",
      },
      {
        sequence: 1,
        phase: "checks",
        action: "continue",
        reason: "A new bounded repair may proceed under the original remaining allowance.",
        candidateTree: "bbbbbbbbbbbbbbbbbbbbbbbbbbbbbbbbbbbbbbb1",
        sha256: "d5323ecd3805c6ff46494e4e246510bc42c4c6d9821d83f526f17d2401654093",
      },
      {
        sequence: 1,
        phase: "checks",
        action: "continue",
        reason: "A new bounded repair may proceed under the original remaining allowance.",
        candidateTree: "bbbbbbbbbbbbbbbbbbbbbbbbbbbbbbbbbbbbbbb1",
        sha256: "d5323ecd3805c6ff46494e4e246510bc42c4c6d9821d83f526f17d2401654093",
      },
      {
        sequence: 1,
        phase: "checks",
        action: "continue",
        reason: "A new bounded repair may proceed under the original remaining allowance.",
        candidateTree: "bbbbbbbbbbbbbbbbbbbbbbbbbbbbbbbbbbbbbbb1",
        sha256: "d5323ecd3805c6ff46494e4e246510bc42c4c6d9821d83f526f17d2401654093",
      },
      {
        sequence: 1,
        phase: "checks",
        action: "continue",
        reason: "A new bounded repair may proceed under the original remaining allowance.",
        candidateTree: "bbbbbbbbbbbbbbbbbbbbbbbbbbbbbbbbbbbbbbb1",
        sha256: "d5323ecd3805c6ff46494e4e246510bc42c4c6d9821d83f526f17d2401654093",
      },
      {
        sequence: 1,
        phase: "checks",
        action: "continue",
        reason: "A new bounded repair may proceed under the original remaining allowance.",
        candidateTree: "bbbbbbbbbbbbbbbbbbbbbbbbbbbbbbbbbbbbbbb1",
        sha256: "d5323ecd3805c6ff46494e4e246510bc42c4c6d9821d83f526f17d2401654093",
      },
      {
        sequence: 1,
        phase: "checks",
        action: "continue",
        reason: "A new bounded repair may proceed under the original remaining allowance.",
        candidateTree: "bbbbbbbbbbbbbbbbbbbbbbbbbbbbbbbbbbbbbbb1",
        sha256: "d5323ecd3805c6ff46494e4e246510bc42c4c6d9821d83f526f17d2401654093",
      },
      {
        sequence: 1,
        phase: "checks",
        action: "continue",
        reason: "A new bounded repair may proceed under the original remaining allowance.",
        candidateTree: "bbbbbbbbbbbbbbbbbbbbbbbbbbbbbbbbbbbbbbb1",
        sha256: "d5323ecd3805c6ff46494e4e246510bc42c4c6d9821d83f526f17d2401654093",
      },
      {
        sequence: 1,
        phase: "checks",
        action: "continue",
        reason: "A new bounded repair may proceed under the original remaining allowance.",
        candidateTree: "bbbbbbbbbbbbbbbbbbbbbbbbbbbbbbbbbbbbbbb1",
        sha256: "d5323ecd3805c6ff46494e4e246510bc42c4c6d9821d83f526f17d2401654093",
      },
      {
        sequence: 1,
        phase: "checks",
        action: "continue",
        reason: "A new bounded repair may proceed under the original remaining allowance.",
        candidateTree: "bbbbbbbbbbbbbbbbbbbbbbbbbbbbbbbbbbbbbbb1",
        sha256: "d5323ecd3805c6ff46494e4e246510bc42c4c6d9821d83f526f17d2401654093",
      },
      {
        sequence: 1,
        phase: "checks",
        action: "continue",
        reason: "A new bounded repair may proceed under the original remaining allowance.",
        candidateTree: "bbbbbbbbbbbbbbbbbbbbbbbbbbbbbbbbbbbbbbb1",
        sha256: "d5323ecd3805c6ff46494e4e246510bc42c4c6d9821d83f526f17d2401654093",
      },
      {
        sequence: 1,
        phase: "checks",
        action: "continue",
        reason: "A new bounded repair may proceed under the original remaining allowance.",
        candidateTree: "bbbbbbbbbbbbbbbbbbbbbbbbbbbbbbbbbbbbbbb1",
        sha256: "d5323ecd3805c6ff46494e4e246510bc42c4c6d9821d83f526f17d2401654093",
      },
      {
        sequence: 1,
        phase: "checks",
        action: "continue",
        reason: "A new bounded repair may proceed under the original remaining allowance.",
        candidateTree: "bbbbbbbbbbbbbbbbbbbbbbbbbbbbbbbbbbbbbbb1",
        sha256: "d5323ecd3805c6ff46494e4e246510bc42c4c6d9821d83f526f17d2401654093",
      },
      {
        sequence: 1,
        phase: "checks",
        action: "continue",
        reason: "A new bounded repair may proceed under the original remaining allowance.",
        candidateTree: "bbbbbbbbbbbbbbbbbbbbbbbbbbbbbbbbbbbbbbb1",
        sha256: "d5323ecd3805c6ff46494e4e246510bc42c4c6d9821d83f526f17d2401654093",
      },
      {
        sequence: 1,
        phase: "checks",
        action: "continue",
        reason: "A new bounded repair may proceed under the original remaining allowance.",
        candidateTree: "bbbbbbbbbbbbbbbbbbbbbbbbbbbbbbbbbbbbbbb1",
        sha256: "d5323ecd3805c6ff46494e4e246510bc42c4c6d9821d83f526f17d2401654093",
      },
      {
        sequence: 1,
        phase: "checks",
        action: "continue",
        reason: "A new bounded repair may proceed under the original remaining allowance.",
        candidateTree: "bbbbbbbbbbbbbbbbbbbbbbbbbbbbbbbbbbbbbbb1",
        sha256: "d5323ecd3805c6ff46494e4e246510bc42c4c6d9821d83f526f17d2401654093",
      },
      {
        sequence: 1,
        phase: "checks",
        action: "continue",
        reason: "A new bounded repair may proceed under the original remaining allowance.",
        candidateTree: "bbbbbbbbbbbbbbbbbbbbbbbbbbbbbbbbbbbbbbb1",
        sha256: "d5323ecd3805c6ff46494e4e246510bc42c4c6d9821d83f526f17d2401654093",
      },
      {
        sequence: 1,
        phase: "checks",
        action: "continue",
        reason: "A new bounded repair may proceed under the original remaining allowance.",
        candidateTree: "bbbbbbbbbbbbbbbbbbbbbbbbbbbbbbbbbbbbbbb1",
        sha256: "d5323ecd3805c6ff46494e4e246510bc42c4c6d9821d83f526f17d2401654093",
      },
      {
        sequence: 1,
        phase: "checks",
        action: "continue",
        reason: "A new bounded repair may proceed under the original remaining allowance.",
        candidateTree: "bbbbbbbbbbbbbbbbbbbbbbbbbbbbbbbbbbbbbbb1",
        sha256: "d5323ecd3805c6ff46494e4e246510bc42c4c6d9821d83f526f17d2401654093",
      },
      {
        sequence: 1,
        phase: "checks",
        action: "continue",
        reason: "A new bounded repair may proceed under the original remaining allowance.",
        candidateTree: "bbbbbbbbbbbbbbbbbbbbbbbbbbbbbbbbbbbbbbb1",
        sha256: "d5323ecd3805c6ff46494e4e246510bc42c4c6d9821d83f526f17d2401654093",
      },
      {
        sequence: 1,
        phase: "checks",
        action: "continue",
        reason: "A new bounded repair may proceed under the original remaining allowance.",
        candidateTree: "bbbbbbbbbbbbbbbbbbbbbbbbbbbbbbbbbbbbbbb1",
        sha256: "d5323ecd3805c6ff46494e4e246510bc42c4c6d9821d83f526f17d2401654093",
      },
      {
        sequence: 1,
        phase: "checks",
        action: "continue",
        reason: "A new bounded repair may proceed under the original remaining allowance.",
        candidateTree: "bbbbbbbbbbbbbbbbbbbbbbbbbbbbbbbbbbbbbbb1",
        sha256: "d5323ecd3805c6ff46494e4e246510bc42c4c6d9821d83f526f17d2401654093",
      },
      {
        sequence: 1,
        phase: "checks",
        action: "continue",
        reason: "A new bounded repair may proceed under the original remaining allowance.",
        candidateTree: "bbbbbbbbbbbbbbbbbbbbbbbbbbbbbbbbbbbbbbb1",
        sha256: "d5323ecd3805c6ff46494e4e246510bc42c4c6d9821d83f526f17d2401654093",
      },
      {
        sequence: 1,
        phase: "checks",
        action: "continue",
        reason: "A new bounded repair may proceed under the original remaining allowance.",
        candidateTree: "bbbbbbbbbbbbbbbbbbbbbbbbbbbbbbbbbbbbbbb1",
        sha256: "d5323ecd3805c6ff46494e4e246510bc42c4c6d9821d83f526f17d2401654093",
      },
      ... 3996 more items
    ],
    limits: [ "This is a read-only explanation of the selected approach and retained observations, not an approval or an instruction to an agent.",
      "A selected playbook is worker advice, not proof of improvement. It is not injected into the judge's instructions, but tracked source can remain readable through the repository.",
      "Recorded adoption is future-selection provenance, not execution permission or an independent rerun of the private comparison.",
      "Executed assertions are stronger evidence than command exits; neither establishes complete requirements or honest, sufficient tests.",
      "Repeated outcomes are observations, not a quality score. Your result decision and permission to send remain separate."
    ],
  },
  limits: [ "Read-only snapshot of validated observations; it grants no execution, acceptance or Send.",
    "Reservations include uncertain attempts. Remaining sessions are not a cash allowance; absent billing remains unknown.",
    "A repeated outcome warning does not establish a plateau or authorise incomplete delivery.",
    "Private prompts, agent narrative, provider traces, credentials and controller paths are omitted. Use a carried delivery bundle for independent semantic audit."
  ],
}

      at <anonymous> ([checkout]/packages/workflow/test/loop-engineering.test.ts:121:80)
(fail) public loop projection refuses an oversized display instead of truncating away decisions [99.09ms]

 0 pass
 19 filtered out
 1 fail
 1 expect() calls
Ran 1 test across 1 file. [528.00ms]
